2026-09-26 00:14:28.777 +05:30 [INF] Now listening on: http://localhost:5204
2026-09-26 00:14:28.831 +05:30 [INF] Application started. Press Ctrl+C to shut down.
2026-09-26 00:14:28.834 +05:30 [INF] Hosting environment: Development
2026-09-26 00:14:28.836 +05:30 [INF] Content root path: C:\HostelManagementApp\HostelManagement.Api
2026-09-26 00:15:11.236 +05:30 [WRN] Failed to determine the https port for redirect.
2026-09-26 00:15:14.168 +05:30 [INF] HTTP POST /api/auth/bootstrap-admin responded 200 in 3055.5164 ms
2026-09-26 00:16:52.582 +05:30 [INF] HTTP POST /api/auth/login responded 200 in 507.0070 ms
2026-09-26 00:25:55.973 +05:30 [INF] Application is shutting down...
2026-09-26 06:51:00.739 +05:30 [INF] Now listening on: http://localhost:5204
2026-09-26 06:51:00.810 +05:30 [INF] Application started. Press Ctrl+C to shut down.
2026-09-26 06:51:00.814 +05:30 [INF] Hosting environment: Development
2026-09-26 06:51:00.816 +05:30 [INF] Content root path: C:\HostelManagementApp\HostelManagement.Api
2026-09-26 06:54:52.608 +05:30 [WRN] Failed to determine the https port for redirect.
2026-09-26 06:54:53.357 +05:30 [INF] HTTP OPTIONS /api/auth/login responded 204 in 1447.1313 ms
2026-09-26 06:54:54.155 +05:30 [WRN] Failed to determine the https port for redirect.
2026-09-26 06:54:55.840 +05:30 [INF] HTTP POST /api/auth/login responded 401 in 2129.7247 ms
2026-09-26 06:55:18.464 +05:30 [INF] HTTP OPTIONS /api/auth/login responded 204 in 4.1939 ms
2026-09-26 06:55:18.550 +05:30 [INF] HTTP POST /api/auth/login responded 401 in 69.7990 ms
2026-09-26 06:57:54.369 +05:30 [INF] HTTP OPTIONS /api/auth/login responded 204 in 20.6603 ms
2026-09-26 06:57:55.781 +05:30 [INF] HTTP POST /api/auth/login responded 200 in 1368.4202 ms
2026-09-26 06:59:27.097 +05:30 [INF] HTTP GET /api/hostels/1/bills responded 403 in 102.3580 ms
2026-09-26 07:02:25.661 +05:30 [INF] Application is shutting down...
2026-09-26 07:02:47.662 +05:30 [INF] Now listening on: http://localhost:5204
2026-09-26 07:02:47.741 +05:30 [INF] Application started. Press Ctrl+C to shut down.
2026-09-26 07:02:47.745 +05:30 [INF] Hosting environment: Development
2026-09-26 07:02:47.747 +05:30 [INF] Content root path: C:\HostelManagementApp\HostelManagement.Api
2026-09-26 07:02:52.392 +05:30 [WRN] Failed to determine the https port for redirect.
2026-09-26 07:02:52.631 +05:30 [INF] HTTP GET /api/hostels/1/bills responded 403 in 288.9115 ms
2026-09-26 07:03:23.497 +05:30 [INF] HTTP OPTIONS /api/auth/login responded 204 in 14.0685 ms
2026-09-26 07:03:28.222 +05:30 [INF] HTTP POST /api/auth/login responded 200 in 4703.3143 ms
2026-09-26 07:07:24.884 +05:30 [INF] Application is shutting down...
2026-09-26 07:07:45.892 +05:30 [INF] Now listening on: http://localhost:5204
2026-09-26 07:07:45.973 +05:30 [INF] Application started. Press Ctrl+C to shut down.
2026-09-26 07:07:45.976 +05:30 [INF] Hosting environment: Development
2026-09-26 07:07:45.978 +05:30 [INF] Content root path: C:\HostelManagementApp\HostelManagement.Api
2026-09-26 07:08:24.558 +05:30 [WRN] Failed to determine the https port for redirect.
2026-09-26 07:08:24.714 +05:30 [INF] HTTP GET /api/hostels/1/bills responded 403 in 196.9299 ms
2026-09-26 07:08:28.242 +05:30 [INF] HTTP GET /api/hostels/1/bills responded 403 in 7.0781 ms
2026-09-26 07:09:45.401 +05:30 [INF] HTTP OPTIONS /api/auth/login responded 204 in 15.3671 ms
2026-09-26 07:09:47.304 +05:30 [INF] HTTP POST /api/auth/login responded 200 in 1893.8697 ms
2026-09-26 07:13:31.443 +05:30 [INF] HTTP OPTIONS /api/auth/login responded 204 in 26.6163 ms
2026-09-26 07:13:31.875 +05:30 [INF] HTTP POST /api/auth/login responded 200 in 409.3808 ms
2026-09-26 07:13:31.906 +05:30 [INF] HTTP OPTIONS /api/hostels/1/bills responded 204 in 3.8445 ms
2026-09-26 07:13:31.906 +05:30 [INF] HTTP OPTIONS /api/hostels/1/bills responded 204 in 1.9185 ms
2026-09-26 07:13:32.362 +05:30 [INF] HTTP GET /api/hostels/1/bills responded 200 in 445.7329 ms
2026-09-26 07:13:32.370 +05:30 [INF] HTTP GET /api/hostels/1/bills responded 200 in 7.2040 ms
2026-09-26 07:14:08.647 +05:30 [INF] HTTP OPTIONS /api/hostels/1/bills/1/razorpay-order responded 204 in 2.7190 ms
2026-09-26 07:14:08.839 +05:30 [INF] Start processing HTTP request POST https://api.razorpay.com/v1/orders
2026-09-26 07:14:08.849 +05:30 [INF] Sending HTTP request POST https://api.razorpay.com/v1/orders
2026-09-26 07:14:09.157 +05:30 [INF] Received HTTP response headers after 301.2429ms - 401
2026-09-26 07:14:09.164 +05:30 [INF] End processing HTTP request after 355.4199ms - 401
2026-09-26 07:14:09.177 +05:30 [ERR] HTTP POST /api/hostels/1/bills/1/razorpay-order responded 500 in 520.4693 ms
System.Net.Http.HttpRequestException: Response status code does not indicate success: 401 (Unauthorized).
   at System.Net.Http.HttpResponseMessage.EnsureSuccessStatusCode()
   at HostelManagement.Api.Services.RazorpayOrderService.CreateOrder(Int64 amountPaise, String receipt, CancellationToken cancellationToken) in C:\HostelManagementApp\HostelManagement.Api\Services\RazorpayOrderService.cs:line 95
   at HostelManagement.Api.Controllers.RazorpayController.CreateOrder(Int64 hostelId, Int64 billId, CancellationToken cancellationToken) in C:\HostelManagementApp\HostelManagement.Api\Controllers\RazorpayController.cs:line 77
   at Microsoft.AspNetCore.Mvc.Infrastructure.ActionMethodExecutor.TaskOfIActionResultExecutor.Execute(ActionContext actionContext, IActionResultTypeMapper mapper, ObjectMethodExecutor executor, Object controller, Object[] arguments)
   at Microsoft.AspNetCore.Mvc.Infrastructure.ControllerActionInvoker.<InvokeActionMethodAsync>g__Awaited|12_0(ControllerActionInvoker invoker, ValueTask`1 actionResultValueTask)
   at Microsoft.AspNetCore.Mvc.Infrastructure.ControllerActionInvoker.<InvokeNextActionFilterAsync>g__Awaited|10_0(ControllerActionInvoker invoker, Task lastTask, State next, Scope scope, Object state, Boolean isCompleted)
   at Microsoft.AspNetCore.Mvc.Infrastructure.ControllerActionInvoker.Rethrow(ActionExecutedContextSealed context)
   at Microsoft.AspNetCore.Mvc.Infrastructure.ControllerActionInvoker.Next(State& next, Scope& scope, Object& state, Boolean& isCompleted)
   at Microsoft.AspNetCore.Mvc.Infrastructure.ControllerActionInvoker.<InvokeInnerFilterAsync>g__Awaited|13_0(ControllerActionInvoker invoker, Task lastTask, State next, Scope scope, Object state, Boolean isCompleted)
   at Microsoft.AspNetCore.Mvc.Infrastructure.ResourceInvoker.<InvokeFilterPipelineAsync>g__Awaited|20_0(ResourceInvoker invoker, Task lastTask, State next, Scope scope, Object state, Boolean isCompleted)
   at Microsoft.AspNetCore.Mvc.Infrastructure.ResourceInvoker.<InvokeAsync>g__Awaited|17_0(ResourceInvoker invoker, Task task, IDisposable scope)
   at Microsoft.AspNetCore.Mvc.Infrastructure.ResourceInvoker.<InvokeAsync>g__Awaited|17_0(ResourceInvoker invoker, Task task, IDisposable scope)
   at Microsoft.AspNetCore.Authorization.AuthorizationMiddleware.Invoke(HttpContext context)
   at HostelManagement.Api.Middleware.HostelScopeMiddleware.InvokeAsync(HttpContext context) in C:\HostelManagementApp\HostelManagement.Api\Middleware\HostelScopeMiddleware.cs:line 49
   at Microsoft.AspNetCore.Authentication.AuthenticationMiddleware.Invoke(HttpContext context)
   at Swashbuckle.AspNetCore.SwaggerUI.SwaggerUIMiddleware.Invoke(HttpContext httpContext)
   at Swashbuckle.AspNetCore.Swagger.SwaggerMiddleware.Invoke(HttpContext httpContext, ISwaggerProvider swaggerProvider)
   at Serilog.AspNetCore.RequestLoggingMiddleware.Invoke(HttpContext httpContext)
2026-09-26 07:14:09.250 +05:30 [ERR] An unhandled exception has occurred while executing the request.
System.Net.Http.HttpRequestException: Response status code does not indicate success: 401 (Unauthorized).
   at System.Net.Http.HttpResponseMessage.EnsureSuccessStatusCode()
   at HostelManagement.Api.Services.RazorpayOrderService.CreateOrder(Int64 amountPaise, String receipt, CancellationToken cancellationToken) in C:\HostelManagementApp\HostelManagement.Api\Services\RazorpayOrderService.cs:line 95
   at HostelManagement.Api.Controllers.RazorpayController.CreateOrder(Int64 hostelId, Int64 billId, CancellationToken cancellationToken) in C:\HostelManagementApp\HostelManagement.Api\Controllers\RazorpayController.cs:line 77
   at Microsoft.AspNetCore.Mvc.Infrastructure.ActionMethodExecutor.TaskOfIActionResultExecutor.Execute(ActionContext actionContext, IActionResultTypeMapper mapper, ObjectMethodExecutor executor, Object controller, Object[] arguments)
   at Microsoft.AspNetCore.Mvc.Infrastructure.ControllerActionInvoker.<InvokeActionMethodAsync>g__Awaited|12_0(ControllerActionInvoker invoker, ValueTask`1 actionResultValueTask)
   at Microsoft.AspNetCore.Mvc.Infrastructure.ControllerActionInvoker.<InvokeNextActionFilterAsync>g__Awaited|10_0(ControllerActionInvoker invoker, Task lastTask, State next, Scope scope, Object state, Boolean isCompleted)
   at Microsoft.AspNetCore.Mvc.Infrastructure.ControllerActionInvoker.Rethrow(ActionExecutedContextSealed context)
   at Microsoft.AspNetCore.Mvc.Infrastructure.ControllerActionInvoker.Next(State& next, Scope& scope, Object& state, Boolean& isCompleted)
   at Microsoft.AspNetCore.Mvc.Infrastructure.ControllerActionInvoker.<InvokeInnerFilterAsync>g__Awaited|13_0(ControllerActionInvoker invoker, Task lastTask, State next, Scope scope, Object state, Boolean isCompleted)
   at Microsoft.AspNetCore.Mvc.Infrastructure.ResourceInvoker.<InvokeFilterPipelineAsync>g__Awaited|20_0(ResourceInvoker invoker, Task lastTask, State next, Scope scope, Object state, Boolean isCompleted)
   at Microsoft.AspNetCore.Mvc.Infrastructure.ResourceInvoker.<InvokeAsync>g__Awaited|17_0(ResourceInvoker invoker, Task task, IDisposable scope)
   at Microsoft.AspNetCore.Mvc.Infrastructure.ResourceInvoker.<InvokeAsync>g__Awaited|17_0(ResourceInvoker invoker, Task task, IDisposable scope)
   at Microsoft.AspNetCore.Authorization.AuthorizationMiddleware.Invoke(HttpContext context)
   at HostelManagement.Api.Middleware.HostelScopeMiddleware.InvokeAsync(HttpContext context) in C:\HostelManagementApp\HostelManagement.Api\Middleware\HostelScopeMiddleware.cs:line 49
   at Microsoft.AspNetCore.Authentication.AuthenticationMiddleware.Invoke(HttpContext context)
   at Swashbuckle.AspNetCore.SwaggerUI.SwaggerUIMiddleware.Invoke(HttpContext httpContext)
   at Swashbuckle.AspNetCore.Swagger.SwaggerMiddleware.Invoke(HttpContext httpContext, ISwaggerProvider swaggerProvider)
   at Serilog.AspNetCore.RequestLoggingMiddleware.Invoke(HttpContext httpContext)
   at Microsoft.AspNetCore.Diagnostics.DeveloperExceptionPageMiddlewareImpl.Invoke(HttpContext context)
2026-09-26 07:17:55.847 +05:30 [INF] HTTP OPTIONS /api/hostels/1/tenants responded 204 in 16.7378 ms
2026-09-26 07:17:55.847 +05:30 [INF] HTTP OPTIONS /api/hostels/1/tenants responded 204 in 16.7463 ms
2026-09-26 07:17:56.380 +05:30 [INF] HTTP GET /api/hostels/1/tenants responded 200 in 497.6651 ms
2026-09-26 07:17:56.390 +05:30 [INF] HTTP GET /api/hostels/1/tenants responded 200 in 9.1040 ms
2026-09-26 07:18:13.095 +05:30 [INF] HTTP OPTIONS /api/auth/login responded 204 in 1.0403 ms
2026-09-26 07:18:13.273 +05:30 [INF] HTTP POST /api/auth/login responded 200 in 169.3594 ms
2026-09-26 07:18:13.289 +05:30 [INF] HTTP OPTIONS /api/hostels/1/bills responded 204 in 0.1779 ms
2026-09-26 07:18:13.290 +05:30 [INF] HTTP OPTIONS /api/hostels/1/tenants responded 204 in 0.1447 ms
2026-09-26 07:18:13.293 +05:30 [INF] HTTP OPTIONS /api/hostels/1/bills responded 204 in 0.2406 ms
2026-09-26 07:18:13.293 +05:30 [INF] HTTP OPTIONS /api/hostels/1/tenants responded 204 in 0.0955 ms
2026-09-26 07:18:13.314 +05:30 [INF] HTTP GET /api/hostels/1/tenants responded 200 in 8.5046 ms
2026-09-26 07:18:13.329 +05:30 [INF] HTTP GET /api/hostels/1/tenants responded 200 in 4.2938 ms
2026-09-26 07:18:13.518 +05:30 [INF] HTTP GET /api/hostels/1/bills responded 200 in 212.4269 ms
2026-09-26 07:18:13.532 +05:30 [INF] HTTP GET /api/hostels/1/bills responded 200 in 10.1319 ms
2026-09-26 07:18:31.150 +05:30 [INF] HTTP OPTIONS /api/hostels/1/tenants responded 204 in 0.3572 ms
2026-09-26 07:18:31.186 +05:30 [INF] HTTP GET /api/hostels/1/tenants responded 200 in 30.8746 ms
2026-09-26 07:18:32.164 +05:30 [INF] HTTP OPTIONS /api/hostels/1/tenants responded 204 in 0.5438 ms
2026-09-26 07:18:32.175 +05:30 [INF] HTTP GET /api/hostels/1/tenants responded 200 in 4.8383 ms
2026-09-26 07:19:16.664 +05:30 [INF] HTTP OPTIONS /api/hostels/1/tenants responded 204 in 199.4872 ms
2026-09-26 07:19:22.495 +05:30 [INF] Created tenant 2 for hostel 1
2026-09-26 07:19:22.576 +05:30 [INF] HTTP POST /api/hostels/1/tenants responded 201 in 5836.4665 ms
2026-09-26 07:19:22.580 +05:30 [INF] HTTP OPTIONS /api/hostels/1/tenants responded 204 in 0.1297 ms
2026-09-26 07:19:22.589 +05:30 [INF] HTTP GET /api/hostels/1/tenants responded 200 in 5.6506 ms
2026-09-26 07:21:49.816 +05:30 [INF] HTTP OPTIONS /api/hostels/1/rooms responded 204 in 2.7158 ms
2026-09-26 07:21:49.816 +05:30 [INF] HTTP OPTIONS /api/hostels/1/rooms responded 204 in 0.7122 ms
2026-09-26 07:21:49.885 +05:30 [INF] HTTP GET /api/hostels/1/rooms responded 200 in 61.8494 ms
2026-09-26 07:21:49.890 +05:30 [INF] HTTP GET /api/hostels/1/rooms responded 200 in 3.6221 ms
2026-09-26 07:21:56.213 +05:30 [INF] HTTP OPTIONS /api/auth/login responded 204 in 0.2009 ms
2026-09-26 07:21:56.353 +05:30 [INF] HTTP POST /api/auth/login responded 200 in 132.9461 ms
2026-09-26 07:21:56.385 +05:30 [INF] HTTP OPTIONS /api/hostels/1/tenants responded 204 in 0.3217 ms
2026-09-26 07:21:56.385 +05:30 [INF] HTTP OPTIONS /api/hostels/1/bills responded 204 in 0.0965 ms
2026-09-26 07:21:56.387 +05:30 [INF] HTTP OPTIONS /api/hostels/1/bills responded 204 in 0.1302 ms
2026-09-26 07:21:56.388 +05:30 [INF] HTTP OPTIONS /api/hostels/1/rooms responded 204 in 0.1130 ms
2026-09-26 07:21:56.390 +05:30 [INF] HTTP OPTIONS /api/hostels/1/rooms responded 204 in 0.2038 ms
2026-09-26 07:21:56.390 +05:30 [INF] HTTP OPTIONS /api/hostels/1/tenants responded 204 in 0.1649 ms
2026-09-26 07:21:56.402 +05:30 [INF] HTTP GET /api/hostels/1/bills responded 200 in 6.6877 ms
2026-09-26 07:21:56.404 +05:30 [INF] HTTP GET /api/hostels/1/rooms responded 200 in 5.0347 ms
2026-09-26 07:21:56.409 +05:30 [INF] HTTP GET /api/hostels/1/bills responded 200 in 5.6701 ms
2026-09-26 07:21:56.413 +05:30 [INF] HTTP GET /api/hostels/1/rooms responded 200 in 5.9133 ms
2026-09-26 07:21:56.423 +05:30 [INF] HTTP GET /api/hostels/1/tenants responded 200 in 28.0985 ms
2026-09-26 07:21:56.432 +05:30 [INF] HTTP GET /api/hostels/1/tenants responded 200 in 5.2969 ms
2026-09-26 07:22:24.080 +05:30 [INF] HTTP OPTIONS /api/hostels/1/rooms responded 204 in 0.2780 ms
2026-09-26 07:22:24.216 +05:30 [INF] Created room 2 in hostel 1
2026-09-26 07:22:24.222 +05:30 [INF] HTTP POST /api/hostels/1/rooms responded 201 in 135.6631 ms
2026-09-26 07:22:24.231 +05:30 [INF] HTTP GET /api/hostels/1/rooms responded 200 in 5.1658 ms
2026-09-26 07:25:00.829 +05:30 [INF] HTTP OPTIONS /api/hostels/1/tenants responded 204 in 4.4193 ms
2026-09-26 07:25:00.829 +05:30 [INF] HTTP OPTIONS /api/hostels/1/complaints responded 204 in 4.4440 ms
2026-09-26 07:25:00.829 +05:30 [INF] HTTP OPTIONS /api/hostels/1/tenants responded 204 in 4.4219 ms
2026-09-26 07:25:00.829 +05:30 [INF] HTTP OPTIONS /api/hostels/1/complaints responded 204 in 4.4291 ms
2026-09-26 07:25:00.878 +05:30 [INF] HTTP GET /api/hostels/1/tenants responded 200 in 40.2211 ms
2026-09-26 07:25:00.885 +05:30 [INF] HTTP GET /api/hostels/1/tenants responded 200 in 4.3200 ms
2026-09-26 07:25:01.057 +05:30 [INF] HTTP GET /api/hostels/1/complaints responded 200 in 219.7007 ms
2026-09-26 07:25:01.066 +05:30 [INF] HTTP GET /api/hostels/1/complaints responded 200 in 6.4207 ms
2026-09-26 07:25:16.096 +05:30 [INF] HTTP OPTIONS /api/auth/login responded 204 in 0.2020 ms
2026-09-26 07:25:16.212 +05:30 [INF] HTTP POST /api/auth/login responded 200 in 112.9604 ms
2026-09-26 07:25:16.236 +05:30 [INF] HTTP OPTIONS /api/hostels/1/bills responded 204 in 0.1839 ms
2026-09-26 07:25:16.237 +05:30 [INF] HTTP OPTIONS /api/hostels/1/tenants responded 204 in 0.1046 ms
2026-09-26 07:25:16.237 +05:30 [INF] HTTP OPTIONS /api/hostels/1/rooms responded 204 in 0.0791 ms
2026-09-26 07:25:16.242 +05:30 [INF] HTTP OPTIONS /api/hostels/1/complaints responded 204 in 0.1455 ms
2026-09-26 07:25:16.243 +05:30 [INF] HTTP OPTIONS /api/hostels/1/tenants responded 204 in 0.0896 ms
2026-09-26 07:25:16.244 +05:30 [INF] HTTP OPTIONS /api/hostels/1/bills responded 204 in 0.1413 ms
2026-09-26 07:25:16.245 +05:30 [INF] HTTP OPTIONS /api/hostels/1/tenants responded 204 in 0.0931 ms
2026-09-26 07:25:16.248 +05:30 [INF] HTTP OPTIONS /api/hostels/1/rooms responded 204 in 0.1230 ms
2026-09-26 07:25:16.250 +05:30 [INF] HTTP OPTIONS /api/hostels/1/complaints responded 204 in 0.1407 ms
2026-09-26 07:25:16.261 +05:30 [INF] HTTP GET /api/hostels/1/tenants responded 200 in 3.8463 ms
2026-09-26 07:25:16.265 +05:30 [INF] HTTP GET /api/hostels/1/rooms responded 200 in 5.0004 ms
2026-09-26 07:25:16.277 +05:30 [INF] HTTP GET /api/hostels/1/rooms responded 200 in 3.2436 ms
2026-09-26 07:25:16.276 +05:30 [INF] HTTP GET /api/hostels/1/tenants responded 200 in 5.3596 ms
2026-09-26 07:25:16.268 +05:30 [INF] HTTP GET /api/hostels/1/complaints responded 200 in 4.5804 ms
2026-09-26 07:25:16.281 +05:30 [INF] HTTP GET /api/hostels/1/tenants responded 200 in 3.2345 ms
2026-09-26 07:25:16.287 +05:30 [INF] HTTP GET /api/hostels/1/tenants responded 200 in 3.8925 ms
2026-09-26 07:25:16.416 +05:30 [INF] HTTP GET /api/hostels/1/complaints responded 200 in 141.2148 ms
2026-09-26 07:25:16.501 +05:30 [INF] HTTP GET /api/hostels/1/bills responded 200 in 246.5612 ms
2026-09-26 07:25:16.507 +05:30 [INF] HTTP GET /api/hostels/1/bills responded 200 in 4.0496 ms
2026-09-26 07:25:33.902 +05:30 [INF] HTTP OPTIONS /api/hostels/1/complaints responded 204 in 0.2679 ms
2026-09-26 07:25:34.035 +05:30 [INF] Created complaint 2 for tenant 2 in hostel 1
2026-09-26 07:25:34.044 +05:30 [INF] HTTP POST /api/hostels/1/complaints responded 201 in 136.8639 ms
2026-09-26 07:25:34.047 +05:30 [INF] HTTP OPTIONS /api/hostels/1/tenants responded 204 in 0.0659 ms
2026-09-26 07:25:34.051 +05:30 [INF] HTTP GET /api/hostels/1/complaints responded 200 in 3.8754 ms
2026-09-26 07:25:34.058 +05:30 [INF] HTTP GET /api/hostels/1/tenants responded 200 in 7.6268 ms
2026-09-26 07:27:54.106 +05:30 [INF] HTTP OPTIONS /api/auth/login responded 204 in 0.3856 ms
2026-09-26 07:27:54.534 +05:30 [INF] HTTP POST /api/auth/login responded 200 in 422.8090 ms
2026-09-26 07:27:54.570 +05:30 [INF] HTTP OPTIONS /api/hostels/1/bills responded 204 in 0.6037 ms
2026-09-26 07:27:54.571 +05:30 [INF] HTTP OPTIONS /api/hostels/1/tenants responded 204 in 0.0793 ms
2026-09-26 07:27:54.577 +05:30 [INF] HTTP OPTIONS /api/hostels/1/complaints responded 204 in 0.0911 ms
2026-09-26 07:27:54.578 +05:30 [INF] HTTP OPTIONS /api/hostels/1/tenants responded 204 in 0.0798 ms
2026-09-26 07:27:54.579 +05:30 [INF] HTTP OPTIONS /api/hostels/1/rooms responded 204 in 0.0364 ms
2026-09-26 07:27:54.579 +05:30 [INF] HTTP OPTIONS /api/hostels/1/tenants responded 204 in 0.0455 ms
2026-09-26 07:27:54.592 +05:30 [INF] HTTP OPTIONS /api/hostels/1/complaints responded 204 in 0.0680 ms
2026-09-26 07:27:54.587 +05:30 [INF] HTTP OPTIONS /api/hostels/1/bills responded 204 in 0.0721 ms
2026-09-26 07:27:54.589 +05:30 [INF] HTTP OPTIONS /api/hostels/1/tenants responded 204 in 0.0863 ms
2026-09-26 07:27:54.590 +05:30 [INF] HTTP OPTIONS /api/hostels/1/rooms responded 204 in 0.0614 ms
2026-09-26 07:27:54.585 +05:30 [INF] HTTP OPTIONS /api/hostels/1/attendance responded 204 in 0.0972 ms
2026-09-26 07:27:54.594 +05:30 [INF] HTTP OPTIONS /api/hostels/1/tenants responded 204 in 0.0954 ms
2026-09-26 07:27:54.601 +05:30 [INF] HTTP OPTIONS /api/hostels/1/tenants responded 204 in 0.1062 ms
2026-09-26 07:27:54.602 +05:30 [INF] HTTP OPTIONS /api/hostels/1/attendance responded 204 in 0.1199 ms
2026-09-26 07:27:54.609 +05:30 [INF] HTTP GET /api/hostels/1/bills responded 200 in 4.9959 ms
2026-09-26 07:27:54.610 +05:30 [INF] HTTP GET /api/hostels/1/complaints responded 200 in 2.7599 ms
2026-09-26 07:27:54.610 +05:30 [INF] HTTP GET /api/hostels/1/tenants responded 200 in 3.9110 ms
2026-09-26 07:27:54.614 +05:30 [INF] HTTP GET /api/hostels/1/rooms responded 200 in 5.2159 ms
2026-09-26 07:27:54.619 +05:30 [INF] HTTP GET /api/hostels/1/bills responded 200 in 4.7497 ms
2026-09-26 07:27:54.770 +05:30 [INF] HTTP GET /api/hostels/1/rooms responded 200 in 147.2977 ms
2026-09-26 07:27:54.771 +05:30 [INF] HTTP GET /api/hostels/1/tenants responded 200 in 149.7141 ms
2026-09-26 07:27:54.772 +05:30 [INF] HTTP GET /api/hostels/1/complaints responded 200 in 151.8452 ms
2026-09-26 07:27:54.778 +05:30 [INF] HTTP GET /api/hostels/1/tenants responded 200 in 4.3476 ms
2026-09-26 07:27:54.784 +05:30 [INF] HTTP GET /api/hostels/1/tenants responded 200 in 3.9964 ms
2026-09-26 07:27:54.784 +05:30 [INF] HTTP GET /api/hostels/1/tenants responded 200 in 3.7349 ms
2026-09-26 07:27:54.787 +05:30 [INF] HTTP GET /api/hostels/1/tenants responded 200 in 3.9241 ms
2026-09-26 07:27:58.311 +05:30 [INF] HTTP GET /api/hostels/1/attendance responded 200 in 3699.9016 ms
2026-09-26 07:27:58.319 +05:30 [INF] HTTP GET /api/hostels/1/attendance responded 200 in 5.6022 ms
2026-09-26 07:28:09.999 +05:30 [INF] HTTP OPTIONS /api/hostels/1/attendance/2 responded 204 in 0.0958 ms
2026-09-26 07:28:10.600 +05:30 [INF] Saved attendance for tenant 2 on "2026-09-26": Present
2026-09-26 07:28:10.611 +05:30 [INF] HTTP PUT /api/hostels/1/attendance/2 responded 200 in 440.1187 ms
2026-09-26 07:28:19.668 +05:30 [INF] HTTP OPTIONS /api/hostels/1/tenants responded 204 in 0.1685 ms
2026-09-26 07:28:19.669 +05:30 [INF] HTTP OPTIONS /api/hostels/1/attendance responded 204 in 0.0734 ms
2026-09-26 07:28:19.683 +05:30 [INF] HTTP GET /api/hostels/1/tenants responded 200 in 7.7965 ms
2026-09-26 07:28:19.683 +05:30 [INF] HTTP GET /api/hostels/1/attendance responded 200 in 5.6695 ms
2026-09-26 07:28:22.663 +05:30 [INF] HTTP OPTIONS /api/hostels/1/attendance/2 responded 204 in 0.0669 ms
2026-09-26 07:28:22.678 +05:30 [INF] Saved attendance for tenant 2 on "2026-09-24": Present
2026-09-26 07:28:22.680 +05:30 [INF] HTTP PUT /api/hostels/1/attendance/2 responded 200 in 14.1549 ms
2026-09-26 07:31:07.839 +05:30 [INF] HTTP OPTIONS /api/hostels/1/tenants responded 204 in 1.0239 ms
2026-09-26 07:31:07.839 +05:30 [INF] HTTP OPTIONS /api/hostels/1/tenants responded 204 in 1.0251 ms
2026-09-26 07:31:07.854 +05:30 [INF] HTTP GET /api/hostels/1/tenants responded 200 in 10.3784 ms
2026-09-26 07:31:07.859 +05:30 [INF] HTTP GET /api/hostels/1/tenants responded 200 in 2.7624 ms
2026-09-26 07:31:07.882 +05:30 [INF] HTTP OPTIONS /api/hostels/1/tenants/2/notifications responded 204 in 2.6552 ms
2026-09-26 07:31:08.032 +05:30 [INF] HTTP GET /api/hostels/1/tenants/2/notifications responded 200 in 145.8803 ms
2026-09-26 07:31:13.287 +05:30 [INF] HTTP OPTIONS /api/auth/login responded 204 in 0.0857 ms
2026-09-26 07:31:13.402 +05:30 [INF] HTTP POST /api/auth/login responded 200 in 110.6365 ms
2026-09-26 07:31:13.429 +05:30 [INF] HTTP OPTIONS /api/hostels/1/bills responded 204 in 0.2838 ms
2026-09-26 07:31:13.429 +05:30 [INF] HTTP OPTIONS /api/hostels/1/tenants responded 204 in 0.4225 ms
2026-09-26 07:31:13.434 +05:30 [INF] HTTP OPTIONS /api/hostels/1/rooms responded 204 in 0.1889 ms
2026-09-26 07:31:13.438 +05:30 [INF] HTTP OPTIONS /api/hostels/1/tenants responded 204 in 0.1415 ms
2026-09-26 07:31:13.439 +05:30 [INF] HTTP OPTIONS /api/hostels/1/tenants responded 204 in 0.1412 ms
2026-09-26 07:31:13.439 +05:30 [INF] HTTP OPTIONS /api/hostels/1/complaints responded 204 in 0.0691 ms
2026-09-26 07:31:13.443 +05:30 [INF] HTTP OPTIONS /api/hostels/1/attendance responded 204 in 0.2485 ms
2026-09-26 07:31:13.448 +05:30 [INF] HTTP OPTIONS /api/hostels/1/tenants responded 204 in 0.1227 ms
2026-09-26 07:31:13.449 +05:30 [INF] HTTP OPTIONS /api/hostels/1/bills responded 204 in 0.0590 ms
2026-09-26 07:31:13.450 +05:30 [INF] HTTP OPTIONS /api/hostels/1/tenants responded 204 in 0.0643 ms
2026-09-26 07:31:13.453 +05:30 [INF] HTTP OPTIONS /api/hostels/1/rooms responded 204 in 0.0805 ms
2026-09-26 07:31:13.455 +05:30 [INF] HTTP OPTIONS /api/hostels/1/complaints responded 204 in 0.0699 ms
2026-09-26 07:31:13.458 +05:30 [INF] HTTP OPTIONS /api/hostels/1/tenants responded 204 in 0.8158 ms
2026-09-26 07:31:13.459 +05:30 [INF] HTTP OPTIONS /api/hostels/1/tenants responded 204 in 0.0769 ms
2026-09-26 07:31:13.461 +05:30 [INF] HTTP OPTIONS /api/hostels/1/attendance responded 204 in 0.0665 ms
2026-09-26 07:31:13.464 +05:30 [INF] HTTP OPTIONS /api/hostels/1/tenants responded 204 in 0.1824 ms
2026-09-26 07:31:13.475 +05:30 [INF] HTTP GET /api/hostels/1/bills responded 200 in 9.0232 ms
2026-09-26 07:31:13.478 +05:30 [INF] HTTP GET /api/hostels/1/tenants responded 200 in 5.1418 ms
2026-09-26 07:31:13.486 +05:30 [INF] HTTP GET /api/hostels/1/complaints responded 200 in 8.9307 ms
2026-09-26 07:31:13.494 +05:30 [INF] HTTP GET /api/hostels/1/tenants responded 200 in 3.0037 ms
2026-09-26 07:31:13.495 +05:30 [INF] HTTP GET /api/hostels/1/complaints responded 200 in 2.3023 ms
2026-09-26 07:31:13.511 +05:30 [INF] HTTP GET /api/hostels/1/tenants responded 200 in 15.2526 ms
2026-09-26 07:31:13.518 +05:30 [INF] HTTP GET /api/hostels/1/tenants responded 200 in 3.4828 ms
2026-09-26 07:31:13.525 +05:30 [INF] HTTP GET /api/hostels/1/tenants responded 200 in 5.0585 ms
2026-09-26 07:31:13.534 +05:30 [INF] HTTP GET /api/hostels/1/tenants responded 200 in 6.0445 ms
2026-09-26 07:31:13.541 +05:30 [INF] HTTP GET /api/hostels/1/tenants responded 200 in 3.0490 ms
2026-09-26 07:31:13.548 +05:30 [INF] HTTP GET /api/hostels/1/tenants responded 200 in 4.9526 ms
2026-09-26 07:31:13.587 +05:30 [INF] HTTP OPTIONS /api/hostels/1/tenants/2/notifications responded 204 in 1.5212 ms
2026-09-26 07:31:13.600 +05:30 [INF] HTTP GET /api/hostels/1/tenants/2/notifications responded 200 in 7.8032 ms
2026-09-26 07:31:13.614 +05:30 [INF] HTTP GET /api/hostels/1/rooms responded 200 in 139.1780 ms
2026-09-26 07:31:13.624 +05:30 [INF] HTTP GET /api/hostels/1/rooms responded 200 in 7.8914 ms
2026-09-26 07:31:13.657 +05:30 [INF] HTTP GET /api/hostels/1/attendance responded 200 in 177.8454 ms
2026-09-26 07:31:13.673 +05:30 [INF] HTTP GET /api/hostels/1/attendance responded 200 in 13.1896 ms
2026-09-26 07:31:13.673 +05:30 [INF] HTTP GET /api/hostels/1/bills responded 200 in 191.4234 ms
2026-09-26 07:31:20.353 +05:30 [INF] HTTP OPTIONS /api/hostels/1/tenants/2/notifications responded 204 in 0.1328 ms
2026-09-26 07:31:20.382 +05:30 [INF] HTTP GET /api/hostels/1/tenants/2/notifications responded 200 in 24.2157 ms
2026-09-26 07:31:26.337 +05:30 [INF] HTTP OPTIONS /api/hostels/1/tenants/1/notifications responded 204 in 0.0741 ms
2026-09-26 07:31:26.349 +05:30 [INF] HTTP GET /api/hostels/1/tenants/1/notifications responded 200 in 7.2390 ms
2026-09-26 07:31:26.432 +05:30 [INF] HTTP OPTIONS /api/hostels/1/tenants/1/notifications responded 204 in 0.0868 ms
2026-09-26 07:31:26.439 +05:30 [INF] HTTP GET /api/hostels/1/tenants/1/notifications responded 200 in 2.7415 ms
2026-09-26 07:31:27.779 +05:30 [INF] HTTP GET /api/hostels/1/tenants/1/notifications responded 200 in 3.0905 ms
2026-09-26 07:34:13.438 +05:30 [INF] HTTP OPTIONS /api/auth/login responded 204 in 17.7539 ms
2026-09-26 07:34:13.861 +05:30 [INF] HTTP POST /api/auth/login responded 200 in 407.4703 ms
2026-09-26 07:34:13.932 +05:30 [INF] HTTP OPTIONS /api/hostels/1/bills responded 204 in 0.3522 ms
2026-09-26 07:34:13.948 +05:30 [INF] HTTP OPTIONS /api/hostels/1/tenants responded 204 in 0.3272 ms
2026-09-26 07:34:13.951 +05:30 [INF] HTTP OPTIONS /api/hostels/1/rooms responded 204 in 0.1295 ms
2026-09-26 07:34:13.951 +05:30 [INF] HTTP OPTIONS /api/hostels/1/complaints responded 204 in 0.0181 ms
2026-09-26 07:34:13.954 +05:30 [INF] HTTP OPTIONS /api/hostels/1/tenants responded 204 in 0.1185 ms
2026-09-26 07:34:13.956 +05:30 [INF] HTTP OPTIONS /api/hostels/1/tenants responded 204 in 0.7494 ms
2026-09-26 07:34:13.960 +05:30 [INF] HTTP OPTIONS /api/hostels/1/attendance responded 204 in 0.1639 ms
2026-09-26 07:34:13.971 +05:30 [INF] HTTP OPTIONS /api/hostels/1/tenants responded 204 in 0.0818 ms
2026-09-26 07:34:13.977 +05:30 [INF] HTTP OPTIONS /api/hostels/1/reports/summary responded 204 in 0.4712 ms
2026-09-26 07:34:13.988 +05:30 [INF] HTTP OPTIONS /api/hostels/1/bills responded 204 in 0.0728 ms
2026-09-26 07:34:13.991 +05:30 [INF] HTTP OPTIONS /api/hostels/1/tenants responded 204 in 0.0777 ms
2026-09-26 07:34:13.993 +05:30 [INF] HTTP OPTIONS /api/hostels/1/rooms responded 204 in 0.0898 ms
2026-09-26 07:34:14.000 +05:30 [INF] HTTP OPTIONS /api/hostels/1/complaints responded 204 in 0.1288 ms
2026-09-26 07:34:14.002 +05:30 [INF] HTTP OPTIONS /api/hostels/1/tenants responded 204 in 0.0714 ms
2026-09-26 07:34:14.005 +05:30 [INF] HTTP OPTIONS /api/hostels/1/tenants responded 204 in 0.0691 ms
2026-09-26 07:34:14.008 +05:30 [INF] HTTP OPTIONS /api/hostels/1/attendance responded 204 in 0.0995 ms
2026-09-26 07:34:14.016 +05:30 [INF] HTTP OPTIONS /api/hostels/1/tenants responded 204 in 0.0909 ms
2026-09-26 07:34:14.018 +05:30 [INF] HTTP OPTIONS /api/hostels/1/reports/summary responded 204 in 0.0759 ms
2026-09-26 07:34:14.052 +05:30 [INF] HTTP GET /api/hostels/1/complaints responded 200 in 15.6256 ms
2026-09-26 07:34:14.053 +05:30 [INF] HTTP GET /api/hostels/1/tenants responded 200 in 31.7871 ms
2026-09-26 07:34:14.053 +05:30 [INF] HTTP GET /api/hostels/1/rooms responded 200 in 27.9709 ms
2026-09-26 07:34:14.063 +05:30 [INF] HTTP GET /api/hostels/1/bills responded 200 in 43.6722 ms
2026-09-26 07:34:14.067 +05:30 [INF] HTTP GET /api/hostels/1/complaints responded 200 in 8.9088 ms
2026-09-26 07:34:14.080 +05:30 [INF] HTTP GET /api/hostels/1/attendance responded 200 in 40.4383 ms
2026-09-26 07:34:14.083 +05:30 [INF] HTTP GET /api/hostels/1/rooms responded 200 in 4.8516 ms
2026-09-26 07:34:14.092 +05:30 [INF] HTTP GET /api/hostels/1/tenants responded 200 in 18.6505 ms
2026-09-26 07:34:14.097 +05:30 [INF] HTTP GET /api/hostels/1/bills responded 200 in 7.8720 ms
2026-09-26 07:34:14.111 +05:30 [INF] HTTP GET /api/hostels/1/attendance responded 200 in 7.5856 ms
2026-09-26 07:34:14.119 +05:30 [INF] HTTP GET /api/hostels/1/tenants responded 200 in 5.9439 ms
2026-09-26 07:34:14.130 +05:30 [INF] HTTP GET /api/hostels/1/tenants responded 200 in 3.2061 ms
2026-09-26 07:34:14.133 +05:30 [INF] HTTP GET /api/hostels/1/tenants responded 200 in 9.7077 ms
2026-09-26 07:34:14.145 +05:30 [INF] HTTP GET /api/hostels/1/tenants responded 200 in 3.3900 ms
2026-09-26 07:34:14.167 +05:30 [INF] HTTP GET /api/hostels/1/tenants responded 200 in 6.7688 ms
2026-09-26 07:34:14.167 +05:30 [INF] HTTP GET /api/hostels/1/tenants responded 200 in 5.3709 ms
2026-09-26 07:34:14.244 +05:30 [INF] HTTP OPTIONS /api/hostels/1/tenants/2/notifications responded 204 in 0.0937 ms
2026-09-26 07:34:14.287 +05:30 [INF] HTTP GET /api/hostels/1/tenants/2/notifications responded 200 in 31.3876 ms
2026-09-26 07:34:14.767 +05:30 [INF] HTTP GET /api/hostels/1/reports/summary responded 200 in 720.6505 ms
2026-09-26 07:34:14.798 +05:30 [INF] HTTP GET /api/hostels/1/reports/summary responded 200 in 29.1376 ms
2026-09-26 07:37:18.825 +05:30 [INF] HTTP OPTIONS /api/auth/login responded 204 in 6.9093 ms
2026-09-26 07:37:19.022 +05:30 [INF] HTTP POST /api/auth/login responded 200 in 180.9880 ms
2026-09-26 07:37:19.064 +05:30 [INF] HTTP OPTIONS /api/hostels/1/bills responded 204 in 0.1045 ms
2026-09-26 07:37:19.069 +05:30 [INF] HTTP OPTIONS /api/hostels/1/tenants responded 204 in 0.0968 ms
2026-09-26 07:37:19.071 +05:30 [INF] HTTP OPTIONS /api/hostels/1/rooms responded 204 in 0.1484 ms
2026-09-26 07:37:19.076 +05:30 [INF] HTTP OPTIONS /api/hostels/1/tenants responded 204 in 0.3580 ms
2026-09-26 07:37:19.076 +05:30 [INF] HTTP OPTIONS /api/hostels/1/complaints responded 204 in 0.2352 ms
2026-09-26 07:37:19.080 +05:30 [INF] HTTP OPTIONS /api/hostels/1/tenants responded 204 in 0.1078 ms
2026-09-26 07:37:19.089 +05:30 [INF] HTTP OPTIONS /api/hostels/1/attendance responded 204 in 0.3099 ms
2026-09-26 07:37:19.091 +05:30 [INF] HTTP OPTIONS /api/hostels/1/tenants responded 204 in 0.0784 ms
2026-09-26 07:37:19.098 +05:30 [INF] HTTP OPTIONS /api/hostels/1/reports/summary responded 204 in 0.1455 ms
2026-09-26 07:37:19.101 +05:30 [INF] HTTP OPTIONS /api/hostels/1/reminders responded 204 in 0.0932 ms
2026-09-26 07:37:19.105 +05:30 [INF] HTTP OPTIONS /api/hostels/1/bills responded 204 in 0.1091 ms
2026-09-26 07:37:19.107 +05:30 [INF] HTTP OPTIONS /api/hostels/1/bills responded 204 in 0.0612 ms
2026-09-26 07:37:19.110 +05:30 [INF] HTTP OPTIONS /api/hostels/1/tenants responded 204 in 0.1012 ms
2026-09-26 07:37:19.112 +05:30 [INF] HTTP OPTIONS /api/hostels/1/rooms responded 204 in 0.0781 ms
2026-09-26 07:37:19.118 +05:30 [INF] HTTP OPTIONS /api/hostels/1/complaints responded 204 in 0.1102 ms
2026-09-26 07:37:19.123 +05:30 [INF] HTTP OPTIONS /api/hostels/1/tenants responded 204 in 0.0588 ms
2026-09-26 07:37:19.124 +05:30 [INF] HTTP OPTIONS /api/hostels/1/tenants responded 204 in 0.0578 ms
2026-09-26 07:37:19.125 +05:30 [INF] HTTP OPTIONS /api/hostels/1/attendance responded 204 in 0.0481 ms
2026-09-26 07:37:19.127 +05:30 [INF] HTTP OPTIONS /api/hostels/1/tenants responded 204 in 0.0394 ms
2026-09-26 07:37:19.129 +05:30 [INF] HTTP OPTIONS /api/hostels/1/reports/summary responded 204 in 0.0959 ms
2026-09-26 07:37:19.131 +05:30 [INF] HTTP OPTIONS /api/hostels/1/reminders responded 204 in 0.0643 ms
2026-09-26 07:37:19.134 +05:30 [INF] HTTP OPTIONS /api/hostels/1/bills responded 204 in 0.0710 ms
2026-09-26 07:37:19.157 +05:30 [INF] HTTP GET /api/hostels/1/bills responded 200 in 18.2315 ms
2026-09-26 07:37:19.166 +05:30 [INF] HTTP GET /api/hostels/1/attendance responded 200 in 18.0401 ms
2026-09-26 07:37:19.177 +05:30 [INF] HTTP GET /api/hostels/1/bills responded 200 in 4.0120 ms
2026-09-26 07:37:19.191 +05:30 [INF] HTTP GET /api/hostels/1/attendance responded 200 in 5.0966 ms
2026-09-26 07:37:19.209 +05:30 [INF] HTTP GET /api/hostels/1/bills responded 200 in 4.0749 ms
2026-09-26 07:37:19.225 +05:30 [INF] HTTP GET /api/hostels/1/bills responded 200 in 3.7372 ms
2026-09-26 07:37:19.321 +05:30 [INF] HTTP GET /api/hostels/1/tenants responded 200 in 177.7104 ms
2026-09-26 07:37:19.344 +05:30 [INF] HTTP GET /api/hostels/1/rooms responded 200 in 201.6553 ms
2026-09-26 07:37:19.350 +05:30 [INF] HTTP GET /api/hostels/1/tenants responded 200 in 28.7954 ms
2026-09-26 07:37:19.386 +05:30 [INF] HTTP GET /api/hostels/1/tenants responded 200 in 30.7209 ms
2026-09-26 07:37:19.390 +05:30 [INF] HTTP GET /api/hostels/1/rooms responded 200 in 3.7006 ms
2026-09-26 07:37:19.409 +05:30 [INF] HTTP GET /api/hostels/1/tenants responded 200 in 17.8374 ms
2026-09-26 07:37:19.410 +05:30 [INF] HTTP GET /api/hostels/1/complaints responded 200 in 264.8990 ms
2026-09-26 07:37:19.423 +05:30 [INF] HTTP GET /api/hostels/1/tenants responded 200 in 12.0718 ms
2026-09-26 07:37:19.424 +05:30 [INF] HTTP GET /api/hostels/1/tenants responded 200 in 9.5991 ms
2026-09-26 07:37:19.428 +05:30 [INF] HTTP GET /api/hostels/1/tenants responded 200 in 3.4993 ms
2026-09-26 07:37:19.439 +05:30 [INF] HTTP GET /api/hostels/1/tenants responded 200 in 3.6937 ms
2026-09-26 07:37:19.444 +05:30 [INF] HTTP GET /api/hostels/1/complaints responded 200 in 4.9351 ms
2026-09-26 07:37:19.472 +05:30 [INF] HTTP GET /api/hostels/1/reminders responded 200 in 300.3531 ms
2026-09-26 07:37:19.476 +05:30 [INF] HTTP GET /api/hostels/1/reports/summary responded 200 in 315.3758 ms
2026-09-26 07:37:19.483 +05:30 [INF] HTTP GET /api/hostels/1/reminders responded 200 in 9.5901 ms
2026-09-26 07:37:19.502 +05:30 [INF] HTTP OPTIONS /api/hostels/1/tenants/2/notifications responded 204 in 1.0536 ms
2026-09-26 07:37:19.504 +05:30 [INF] HTTP GET /api/hostels/1/reports/summary responded 200 in 26.0765 ms
2026-09-26 07:37:19.522 +05:30 [INF] HTTP GET /api/hostels/1/tenants/2/notifications responded 200 in 13.8739 ms
2026-09-26 07:39:34.394 +05:30 [INF] HTTP OPTIONS /api/auth/login responded 204 in 4.7479 ms
2026-09-26 07:39:34.642 +05:30 [INF] HTTP POST /api/auth/login responded 200 in 238.3335 ms
2026-09-26 07:39:34.696 +05:30 [INF] HTTP OPTIONS /api/hostels/1/bills responded 204 in 1.0624 ms
2026-09-26 07:39:34.697 +05:30 [INF] HTTP OPTIONS /api/hostels/1/tenants responded 204 in 0.0880 ms
2026-09-26 07:39:34.700 +05:30 [INF] HTTP OPTIONS /api/hostels/1/rooms responded 204 in 0.2258 ms
2026-09-26 07:39:34.702 +05:30 [INF] HTTP OPTIONS /api/hostels/1/complaints responded 204 in 0.1593 ms
2026-09-26 07:39:34.702 +05:30 [INF] HTTP OPTIONS /api/hostels/1/tenants responded 204 in 0.0341 ms
2026-09-26 07:39:34.706 +05:30 [INF] HTTP OPTIONS /api/hostels/1/tenants responded 204 in 0.3020 ms
2026-09-26 07:39:34.710 +05:30 [INF] HTTP OPTIONS /api/hostels/1/attendance responded 204 in 0.1629 ms
2026-09-26 07:39:34.719 +05:30 [INF] HTTP OPTIONS /api/hostels/1/tenants responded 204 in 0.1033 ms
2026-09-26 07:39:34.722 +05:30 [INF] HTTP OPTIONS /api/hostels/1/reports/summary responded 204 in 0.1683 ms
2026-09-26 07:39:34.724 +05:30 [INF] HTTP OPTIONS /api/hostels/1/reminders responded 204 in 0.0749 ms
2026-09-26 07:39:34.727 +05:30 [INF] HTTP OPTIONS /api/hostels/1/bills responded 204 in 0.1545 ms
2026-09-26 07:39:34.730 +05:30 [INF] HTTP OPTIONS /api/hostels/1/settings responded 204 in 0.0954 ms
2026-09-26 07:39:34.730 +05:30 [INF] HTTP OPTIONS /api/hostels/1/bills responded 204 in 0.0484 ms
2026-09-26 07:39:34.732 +05:30 [INF] HTTP OPTIONS /api/hostels/1/tenants responded 204 in 0.0526 ms
2026-09-26 07:39:34.734 +05:30 [INF] HTTP OPTIONS /api/hostels/1/rooms responded 204 in 0.0740 ms
2026-09-26 07:39:34.736 +05:30 [INF] HTTP OPTIONS /api/hostels/1/complaints responded 204 in 0.0713 ms
2026-09-26 07:39:34.747 +05:30 [INF] HTTP OPTIONS /api/hostels/1/tenants responded 204 in 0.1499 ms
2026-09-26 07:39:34.750 +05:30 [INF] HTTP OPTIONS /api/hostels/1/tenants responded 204 in 0.0809 ms
2026-09-26 07:39:34.751 +05:30 [INF] HTTP OPTIONS /api/hostels/1/attendance responded 204 in 0.0624 ms
2026-09-26 07:39:34.753 +05:30 [INF] HTTP GET /api/hostels/1/bills responded 200 in 14.1496 ms
2026-09-26 07:39:34.754 +05:30 [INF] HTTP OPTIONS /api/hostels/1/tenants responded 204 in 0.0618 ms
2026-09-26 07:39:34.755 +05:30 [INF] HTTP OPTIONS /api/hostels/1/reports/summary responded 204 in 0.0860 ms
2026-09-26 07:39:34.758 +05:30 [INF] HTTP OPTIONS /api/hostels/1/reminders responded 204 in 0.0816 ms
2026-09-26 07:39:34.761 +05:30 [INF] HTTP OPTIONS /api/hostels/1/settings responded 204 in 0.0902 ms
2026-09-26 07:39:34.769 +05:30 [INF] HTTP GET /api/hostels/1/tenants responded 200 in 6.0377 ms
2026-09-26 07:39:34.774 +05:30 [INF] HTTP GET /api/hostels/1/rooms responded 200 in 5.9318 ms
2026-09-26 07:39:34.788 +05:30 [INF] HTTP GET /api/hostels/1/complaints responded 200 in 16.2756 ms
2026-09-26 07:39:34.788 +05:30 [INF] HTTP GET /api/hostels/1/attendance responded 200 in 15.1084 ms
2026-09-26 07:39:34.793 +05:30 [INF] HTTP GET /api/hostels/1/reminders responded 200 in 6.5833 ms
2026-09-26 07:39:34.808 +05:30 [INF] HTTP GET /api/hostels/1/bills responded 200 in 5.3310 ms
2026-09-26 07:39:34.822 +05:30 [INF] HTTP GET /api/hostels/1/tenants responded 200 in 7.7317 ms
2026-09-26 07:39:34.822 +05:30 [INF] HTTP GET /api/hostels/1/rooms responded 200 in 4.2156 ms
2026-09-26 07:39:34.865 +05:30 [INF] HTTP GET /api/hostels/1/reports/summary responded 200 in 86.9215 ms
2026-09-26 07:39:34.866 +05:30 [INF] HTTP GET /api/hostels/1/complaints responded 200 in 5.6331 ms
2026-09-26 07:39:34.867 +05:30 [INF] HTTP GET /api/hostels/1/bills responded 200 in 3.5094 ms
2026-09-26 07:39:34.867 +05:30 [INF] HTTP GET /api/hostels/1/reminders responded 200 in 4.9227 ms
2026-09-26 07:39:34.874 +05:30 [INF] HTTP GET /api/hostels/1/attendance responded 200 in 12.7067 ms
2026-09-26 07:39:34.885 +05:30 [INF] HTTP GET /api/hostels/1/tenants responded 200 in 4.4519 ms
2026-09-26 07:39:34.916 +05:30 [INF] HTTP GET /api/hostels/1/bills responded 200 in 3.4349 ms
2026-09-26 07:39:34.937 +05:30 [INF] HTTP GET /api/hostels/1/tenants responded 200 in 4.2939 ms
2026-09-26 07:39:34.952 +05:30 [INF] HTTP GET /api/hostels/1/reports/summary responded 200 in 59.0954 ms
2026-09-26 07:39:34.956 +05:30 [INF] HTTP GET /api/hostels/1/tenants responded 200 in 6.2186 ms
2026-09-26 07:39:34.966 +05:30 [INF] HTTP GET /api/hostels/1/tenants responded 200 in 3.3635 ms
2026-09-26 07:39:34.970 +05:30 [INF] HTTP GET /api/hostels/1/tenants responded 200 in 3.5554 ms
2026-09-26 07:39:34.978 +05:30 [INF] HTTP GET /api/hostels/1/tenants responded 200 in 9.5263 ms
2026-09-26 07:39:35.050 +05:30 [INF] HTTP OPTIONS /api/hostels/1/tenants/2/notifications responded 204 in 0.1158 ms
2026-09-26 07:39:35.067 +05:30 [INF] HTTP GET /api/hostels/1/tenants/2/notifications responded 200 in 8.0630 ms
2026-09-26 07:39:35.320 +05:30 [INF] HTTP GET /api/hostels/1/settings responded 200 in 524.7336 ms
2026-09-26 07:39:35.328 +05:30 [INF] HTTP GET /api/hostels/1/settings responded 200 in 6.2892 ms
2026-09-26 07:41:07.775 +05:30 [INF] HTTP OPTIONS /api/hostels/1/settings/billingDefaults responded 204 in 0.6130 ms
2026-09-26 07:41:08.125 +05:30 [INF] Saved setting billingDefaults for hostel 1
2026-09-26 07:41:08.137 +05:30 [INF] HTTP PUT /api/hostels/1/settings/billingDefaults responded 200 in 355.2663 ms
2026-09-26 07:41:08.141 +05:30 [INF] HTTP OPTIONS /api/hostels/1/settings responded 204 in 0.0836 ms
2026-09-26 07:41:08.157 +05:30 [INF] HTTP GET /api/hostels/1/settings responded 200 in 7.3504 ms
2026-09-26 07:43:13.093 +05:30 [INF] HTTP OPTIONS /api/auth/login responded 204 in 2.7497 ms
2026-09-26 07:43:13.237 +05:30 [INF] HTTP POST /api/auth/login responded 200 in 137.3361 ms
2026-09-26 07:43:13.255 +05:30 [INF] HTTP OPTIONS /api/hostels/1/bills responded 204 in 0.0779 ms
2026-09-26 07:43:13.256 +05:30 [INF] HTTP OPTIONS /api/hostels/1/bills responded 204 in 0.1939 ms
2026-09-26 07:43:13.269 +05:30 [INF] HTTP GET /api/hostels/1/bills responded 200 in 7.4389 ms
2026-09-26 07:43:13.276 +05:30 [INF] HTTP GET /api/hostels/1/bills responded 200 in 4.9582 ms
2026-09-26 07:43:18.907 +05:30 [INF] HTTP OPTIONS /api/hostels/1/tenants responded 204 in 0.1327 ms
2026-09-26 07:43:18.907 +05:30 [INF] HTTP OPTIONS /api/hostels/1/tenants responded 204 in 0.0546 ms
2026-09-26 07:43:18.933 +05:30 [INF] HTTP GET /api/hostels/1/tenants responded 200 in 14.2321 ms
2026-09-26 07:43:18.937 +05:30 [INF] HTTP GET /api/hostels/1/tenants responded 200 in 3.1232 ms
2026-09-26 07:43:20.403 +05:30 [INF] HTTP OPTIONS /api/hostels/1/rooms responded 204 in 0.2112 ms
2026-09-26 07:43:20.405 +05:30 [INF] HTTP OPTIONS /api/hostels/1/rooms responded 204 in 0.0997 ms
2026-09-26 07:43:20.440 +05:30 [INF] HTTP GET /api/hostels/1/rooms responded 200 in 5.5046 ms
2026-09-26 07:43:20.446 +05:30 [INF] HTTP GET /api/hostels/1/rooms responded 200 in 3.1657 ms
2026-09-26 07:43:21.807 +05:30 [INF] HTTP OPTIONS /api/hostels/1/complaints responded 204 in 0.0845 ms
2026-09-26 07:43:21.808 +05:30 [INF] HTTP OPTIONS /api/hostels/1/complaints responded 204 in 0.1047 ms
2026-09-26 07:43:21.814 +05:30 [INF] HTTP GET /api/hostels/1/tenants responded 200 in 3.2097 ms
2026-09-26 07:43:21.827 +05:30 [INF] HTTP GET /api/hostels/1/tenants responded 200 in 11.0852 ms
2026-09-26 07:43:21.837 +05:30 [INF] HTTP GET /api/hostels/1/complaints responded 200 in 9.7016 ms
2026-09-26 07:43:21.844 +05:30 [INF] HTTP GET /api/hostels/1/complaints responded 200 in 5.3793 ms
2026-09-26 07:43:23.158 +05:30 [INF] HTTP OPTIONS /api/hostels/1/attendance responded 204 in 0.0821 ms
2026-09-26 07:43:23.158 +05:30 [INF] HTTP OPTIONS /api/hostels/1/attendance responded 204 in 0.0447 ms
2026-09-26 07:43:23.161 +05:30 [INF] HTTP GET /api/hostels/1/tenants responded 200 in 3.2348 ms
2026-09-26 07:43:23.166 +05:30 [INF] HTTP GET /api/hostels/1/tenants responded 200 in 2.9195 ms
2026-09-26 07:43:23.313 +05:30 [INF] HTTP GET /api/hostels/1/attendance responded 200 in 149.1430 ms
2026-09-26 07:43:23.317 +05:30 [INF] HTTP GET /api/hostels/1/attendance responded 200 in 2.5482 ms
2026-09-26 07:43:25.162 +05:30 [INF] HTTP OPTIONS /api/hostels/1/tenants responded 204 in 0.0827 ms
2026-09-26 07:43:25.162 +05:30 [INF] HTTP OPTIONS /api/hostels/1/tenants responded 204 in 0.0298 ms
2026-09-26 07:43:25.168 +05:30 [INF] HTTP GET /api/hostels/1/tenants responded 200 in 2.0076 ms
2026-09-26 07:43:25.175 +05:30 [INF] HTTP GET /api/hostels/1/tenants responded 200 in 5.7826 ms
2026-09-26 07:43:25.335 +05:30 [INF] HTTP OPTIONS /api/hostels/1/tenants/2/notifications responded 204 in 0.1011 ms
2026-09-26 07:43:25.649 +05:30 [INF] HTTP GET /api/hostels/1/tenants/2/notifications responded 200 in 224.2516 ms
2026-09-26 07:43:26.379 +05:30 [INF] HTTP OPTIONS /api/hostels/1/reports/summary responded 204 in 0.0568 ms
2026-09-26 07:43:26.379 +05:30 [INF] HTTP OPTIONS /api/hostels/1/reports/summary responded 204 in 0.0246 ms
2026-09-26 07:43:26.434 +05:30 [INF] HTTP GET /api/hostels/1/reports/summary responded 200 in 33.5695 ms
2026-09-26 07:43:26.671 +05:30 [INF] HTTP GET /api/hostels/1/reports/summary responded 200 in 235.6001 ms
2026-09-26 07:43:27.664 +05:30 [INF] HTTP OPTIONS /api/hostels/1/reminders responded 204 in 0.0586 ms
2026-09-26 07:43:27.665 +05:30 [INF] HTTP OPTIONS /api/hostels/1/bills responded 204 in 0.0351 ms
2026-09-26 07:43:27.665 +05:30 [INF] HTTP OPTIONS /api/hostels/1/bills responded 204 in 0.0565 ms
2026-09-26 07:43:27.665 +05:30 [INF] HTTP OPTIONS /api/hostels/1/reminders responded 204 in 0.0565 ms
2026-09-26 07:43:27.760 +05:30 [INF] HTTP GET /api/hostels/1/reminders responded 200 in 6.6883 ms
2026-09-26 07:43:27.776 +05:30 [INF] HTTP GET /api/hostels/1/reminders responded 200 in 9.2719 ms
2026-09-26 07:43:28.116 +05:30 [INF] HTTP GET /api/hostels/1/bills responded 200 in 360.5745 ms
2026-09-26 07:43:28.120 +05:30 [INF] HTTP GET /api/hostels/1/bills responded 200 in 2.9555 ms
2026-09-26 07:43:29.549 +05:30 [INF] HTTP OPTIONS /api/hostels/1/settings responded 204 in 0.1687 ms
2026-09-26 07:43:29.549 +05:30 [INF] HTTP OPTIONS /api/hostels/1/settings responded 204 in 0.0354 ms
2026-09-26 07:43:29.613 +05:30 [INF] HTTP GET /api/hostels/1/settings responded 200 in 58.0168 ms
2026-09-26 07:43:29.620 +05:30 [INF] HTTP GET /api/hostels/1/settings responded 200 in 4.3480 ms
2026-09-26 07:46:49.478 +05:30 [INF] HTTP OPTIONS /api/auth/login responded 204 in 3.5565 ms
2026-09-26 07:46:49.634 +05:30 [INF] HTTP POST /api/auth/login responded 200 in 145.2674 ms
2026-09-26 07:46:49.649 +05:30 [INF] HTTP OPTIONS /api/hostels/1/bills responded 204 in 0.2787 ms
2026-09-26 07:46:49.652 +05:30 [INF] HTTP OPTIONS /api/hostels/1/bills responded 204 in 0.1142 ms
2026-09-26 07:46:49.666 +05:30 [INF] HTTP GET /api/hostels/1/bills responded 200 in 9.7719 ms
2026-09-26 07:46:49.672 +05:30 [INF] HTTP GET /api/hostels/1/bills responded 200 in 4.3726 ms
2026-09-26 07:47:17.960 +05:30 [INF] HTTP OPTIONS /api/auth/login responded 204 in 0.1122 ms
2026-09-26 07:47:18.066 +05:30 [INF] HTTP POST /api/auth/login responded 200 in 98.1563 ms
2026-09-26 07:47:18.083 +05:30 [INF] HTTP OPTIONS /api/hostels/1/bills responded 204 in 0.1504 ms
2026-09-26 07:47:18.083 +05:30 [INF] HTTP OPTIONS /api/hostels/1/bills responded 204 in 0.0758 ms
2026-09-26 07:47:18.094 +05:30 [INF] HTTP GET /api/hostels/1/bills responded 200 in 4.3005 ms
2026-09-26 07:47:18.101 +05:30 [INF] HTTP GET /api/hostels/1/bills responded 200 in 3.9673 ms
2026-09-26 07:47:26.432 +05:30 [INF] HTTP OPTIONS /api/auth/login responded 204 in 0.0536 ms
2026-09-26 07:47:26.529 +05:30 [INF] HTTP POST /api/auth/login responded 200 in 92.8847 ms
2026-09-26 07:47:26.551 +05:30 [INF] HTTP OPTIONS /api/hostels/1/bills responded 204 in 0.0881 ms
2026-09-26 07:47:26.551 +05:30 [INF] HTTP OPTIONS /api/hostels/1/bills responded 204 in 0.0881 ms
2026-09-26 07:47:26.561 +05:30 [INF] HTTP GET /api/hostels/1/bills responded 200 in 4.5872 ms
2026-09-26 07:47:26.569 +05:30 [INF] HTTP GET /api/hostels/1/bills responded 200 in 5.2930 ms
2026-09-26 07:50:47.858 +05:30 [INF] HTTP OPTIONS /api/hostels/1/tenants responded 204 in 5.7527 ms
2026-09-26 07:50:47.858 +05:30 [INF] HTTP OPTIONS /api/hostels/1/bills responded 204 in 5.7433 ms
2026-09-26 07:50:47.858 +05:30 [INF] HTTP OPTIONS /api/hostels/1/bills responded 204 in 5.7390 ms
2026-09-26 07:50:47.858 +05:30 [INF] HTTP OPTIONS /api/hostels/1/tenants responded 204 in 5.7548 ms
2026-09-26 07:50:47.910 +05:30 [INF] HTTP GET /api/hostels/1/tenants responded 200 in 41.1805 ms
2026-09-26 07:50:47.915 +05:30 [INF] HTTP GET /api/hostels/1/tenants responded 200 in 2.5695 ms
2026-09-26 07:50:48.026 +05:30 [INF] HTTP GET /api/hostels/1/bills responded 200 in 156.6343 ms
2026-09-26 07:50:48.030 +05:30 [INF] HTTP GET /api/hostels/1/bills responded 200 in 2.2885 ms
2026-09-26 07:51:03.922 +05:30 [INF] HTTP OPTIONS /api/auth/login responded 204 in 0.1159 ms
2026-09-26 07:51:04.066 +05:30 [INF] HTTP POST /api/auth/login responded 200 in 138.6128 ms
2026-09-26 07:51:04.079 +05:30 [INF] HTTP OPTIONS /api/hostels/1/bills responded 204 in 0.0872 ms
2026-09-26 07:51:04.084 +05:30 [INF] HTTP OPTIONS /api/hostels/1/tenants responded 204 in 0.5025 ms
2026-09-26 07:51:04.084 +05:30 [INF] HTTP OPTIONS /api/hostels/1/tenants responded 204 in 0.0284 ms
2026-09-26 07:51:04.084 +05:30 [INF] HTTP OPTIONS /api/hostels/1/bills responded 204 in 0.0201 ms
2026-09-26 07:51:04.091 +05:30 [INF] HTTP GET /api/hostels/1/bills responded 200 in 3.7178 ms
2026-09-26 07:51:04.095 +05:30 [INF] HTTP GET /api/hostels/1/tenants responded 200 in 5.7201 ms
2026-09-26 07:51:04.096 +05:30 [INF] HTTP GET /api/hostels/1/bills responded 200 in 3.1540 ms
2026-09-26 07:51:04.101 +05:30 [INF] HTTP GET /api/hostels/1/tenants responded 200 in 4.9781 ms
2026-09-26 07:52:53.425 +05:30 [INF] HTTP OPTIONS /api/auth/login responded 204 in 0.1242 ms
2026-09-26 07:52:53.512 +05:30 [INF] HTTP POST /api/auth/login responded 200 in 82.0518 ms
2026-09-26 07:52:53.526 +05:30 [INF] HTTP OPTIONS /api/hostels/1/bills responded 204 in 0.1048 ms
2026-09-26 07:52:53.528 +05:30 [INF] HTTP OPTIONS /api/hostels/1/tenants responded 204 in 0.1260 ms
2026-09-26 07:52:53.529 +05:30 [INF] HTTP OPTIONS /api/hostels/1/bills responded 204 in 0.0915 ms
2026-09-26 07:52:53.530 +05:30 [INF] HTTP OPTIONS /api/hostels/1/tenants responded 204 in 0.0424 ms
2026-09-26 07:52:53.538 +05:30 [INF] HTTP GET /api/hostels/1/bills responded 200 in 3.6520 ms
2026-09-26 07:52:53.541 +05:30 [INF] HTTP GET /api/hostels/1/tenants responded 200 in 4.1190 ms
2026-09-26 07:52:53.546 +05:30 [INF] HTTP GET /api/hostels/1/bills responded 200 in 4.8141 ms
2026-09-26 07:52:53.548 +05:30 [INF] HTTP GET /api/hostels/1/tenants responded 200 in 5.3184 ms
2026-09-26 07:52:56.795 +05:30 [INF] HTTP GET /api/hostels/1/tenants responded 200 in 1.7639 ms
2026-09-26 07:52:56.799 +05:30 [INF] HTTP GET /api/hostels/1/tenants responded 200 in 2.6997 ms
2026-09-26 07:54:57.812 +05:30 [INF] HTTP OPTIONS /api/hostels/1/tenants responded 204 in 0.1529 ms
2026-09-26 07:54:57.813 +05:30 [INF] HTTP OPTIONS /api/hostels/1/tenants responded 204 in 0.0607 ms
2026-09-26 07:54:57.956 +05:30 [INF] HTTP GET /api/hostels/1/tenants responded 200 in 67.8561 ms
2026-09-26 07:54:58.032 +05:30 [INF] HTTP GET /api/hostels/1/tenants responded 200 in 3.8290 ms
2026-09-26 07:55:13.959 +05:30 [INF] HTTP OPTIONS /api/auth/login responded 204 in 0.0829 ms
2026-09-26 07:55:14.057 +05:30 [INF] HTTP POST /api/auth/login responded 200 in 93.2690 ms
2026-09-26 07:55:14.072 +05:30 [INF] HTTP OPTIONS /api/hostels/1/bills responded 204 in 0.5148 ms
2026-09-26 07:55:14.073 +05:30 [INF] HTTP OPTIONS /api/hostels/1/tenants responded 204 in 0.1303 ms
2026-09-26 07:55:14.075 +05:30 [INF] HTTP OPTIONS /api/hostels/1/bills responded 204 in 0.0544 ms
2026-09-26 07:55:14.085 +05:30 [INF] HTTP OPTIONS /api/hostels/1/tenants responded 204 in 0.1921 ms
2026-09-26 07:55:14.085 +05:30 [INF] HTTP GET /api/hostels/1/bills responded 200 in 6.4162 ms
2026-09-26 07:55:14.091 +05:30 [INF] HTTP GET /api/hostels/1/tenants responded 200 in 6.8153 ms
2026-09-26 07:55:14.097 +05:30 [INF] HTTP GET /api/hostels/1/tenants responded 200 in 2.6104 ms
2026-09-26 07:55:14.224 +05:30 [INF] HTTP GET /api/hostels/1/bills responded 200 in 129.6870 ms
2026-09-26 07:55:15.462 +05:30 [INF] HTTP GET /api/hostels/1/tenants responded 200 in 4.2619 ms
2026-09-26 07:55:15.470 +05:30 [INF] HTTP GET /api/hostels/1/tenants responded 200 in 6.8093 ms
2026-09-26 07:55:34.342 +05:30 [INF] HTTP OPTIONS /api/auth/login responded 204 in 0.1167 ms
2026-09-26 07:55:34.467 +05:30 [INF] HTTP POST /api/auth/login responded 200 in 119.1117 ms
2026-09-26 07:55:34.481 +05:30 [INF] HTTP OPTIONS /api/hostels/1/bills responded 204 in 0.2215 ms
2026-09-26 07:55:34.483 +05:30 [INF] HTTP OPTIONS /api/hostels/1/tenants responded 204 in 0.0806 ms
2026-09-26 07:55:34.483 +05:30 [INF] HTTP OPTIONS /api/hostels/1/bills responded 204 in 0.0789 ms
2026-09-26 07:55:34.485 +05:30 [INF] HTTP OPTIONS /api/hostels/1/tenants responded 204 in 0.0906 ms
2026-09-26 07:55:34.493 +05:30 [INF] HTTP GET /api/hostels/1/bills responded 200 in 4.4119 ms
2026-09-26 07:55:34.500 +05:30 [INF] HTTP GET /api/hostels/1/bills responded 200 in 4.4152 ms
2026-09-26 07:55:34.495 +05:30 [INF] HTTP GET /api/hostels/1/tenants responded 200 in 3.8299 ms
2026-09-26 07:55:34.501 +05:30 [INF] HTTP GET /api/hostels/1/tenants responded 200 in 2.8421 ms
2026-09-26 07:57:48.428 +05:30 [INF] HTTP OPTIONS /api/hostels/1/tenants responded 204 in 0.1302 ms
2026-09-26 07:57:48.438 +05:30 [INF] HTTP GET /api/hostels/1/tenants responded 200 in 4.1122 ms
2026-09-26 07:57:48.443 +05:30 [INF] HTTP OPTIONS /api/hostels/1/tenants responded 204 in 0.0717 ms
2026-09-26 07:57:48.453 +05:30 [INF] HTTP GET /api/hostels/1/tenants responded 200 in 2.5067 ms
2026-09-26 07:57:57.255 +05:30 [INF] HTTP OPTIONS /api/auth/login responded 204 in 0.1067 ms
2026-09-26 07:57:57.343 +05:30 [INF] HTTP POST /api/auth/login responded 200 in 83.3940 ms
2026-09-26 07:57:57.357 +05:30 [INF] HTTP OPTIONS /api/hostels/1/bills responded 204 in 1.5891 ms
2026-09-26 07:57:57.359 +05:30 [INF] HTTP OPTIONS /api/hostels/1/tenants responded 204 in 0.1354 ms
2026-09-26 07:57:57.365 +05:30 [INF] HTTP OPTIONS /api/hostels/1/bills responded 204 in 0.0449 ms
2026-09-26 07:57:57.366 +05:30 [INF] HTTP OPTIONS /api/hostels/1/tenants responded 204 in 0.0225 ms
2026-09-26 07:57:57.369 +05:30 [INF] HTTP GET /api/hostels/1/bills responded 200 in 3.6239 ms
2026-09-26 07:57:57.371 +05:30 [INF] HTTP GET /api/hostels/1/tenants responded 200 in 3.3246 ms
2026-09-26 07:57:57.375 +05:30 [INF] HTTP GET /api/hostels/1/bills responded 200 in 4.8268 ms
2026-09-26 07:57:57.377 +05:30 [INF] HTTP GET /api/hostels/1/tenants responded 200 in 3.7213 ms
2026-09-26 07:58:01.013 +05:30 [INF] HTTP GET /api/hostels/1/tenants responded 200 in 2.4981 ms
2026-09-26 07:58:01.016 +05:30 [INF] HTTP GET /api/hostels/1/tenants responded 200 in 1.6226 ms
2026-09-26 07:59:02.742 +05:30 [INF] HTTP OPTIONS /api/hostels/1/tenants responded 204 in 0.1819 ms
2026-09-26 07:59:02.745 +05:30 [INF] HTTP OPTIONS /api/hostels/1/tenants responded 204 in 0.0423 ms
2026-09-26 07:59:02.752 +05:30 [INF] HTTP GET /api/hostels/1/tenants responded 200 in 3.7927 ms
2026-09-26 07:59:02.757 +05:30 [INF] HTTP GET /api/hostels/1/tenants responded 200 in 2.9190 ms
2026-09-26 07:59:02.866 +05:30 [INF] HTTP OPTIONS /api/hostels/1/rooms responded 204 in 121.2746 ms
2026-09-26 07:59:02.866 +05:30 [INF] HTTP OPTIONS /api/hostels/1/rooms responded 204 in 121.9156 ms
2026-09-26 07:59:02.889 +05:30 [INF] HTTP GET /api/hostels/1/rooms responded 200 in 14.9934 ms
2026-09-26 07:59:02.895 +05:30 [INF] HTTP GET /api/hostels/1/rooms responded 200 in 1.9388 ms
2026-09-26 07:59:07.598 +05:30 [INF] HTTP OPTIONS /api/auth/login responded 204 in 0.0810 ms
2026-09-26 07:59:08.257 +05:30 [INF] HTTP POST /api/auth/login responded 200 in 654.6931 ms
2026-09-26 07:59:08.272 +05:30 [INF] HTTP OPTIONS /api/hostels/1/bills responded 204 in 0.0761 ms
2026-09-26 07:59:08.272 +05:30 [INF] HTTP OPTIONS /api/hostels/1/tenants responded 204 in 0.0603 ms
2026-09-26 07:59:08.272 +05:30 [INF] HTTP OPTIONS /api/hostels/1/bills responded 204 in 0.0441 ms
2026-09-26 07:59:08.272 +05:30 [INF] HTTP OPTIONS /api/hostels/1/tenants responded 204 in 0.0149 ms
2026-09-26 07:59:08.281 +05:30 [INF] HTTP GET /api/hostels/1/bills responded 200 in 2.5714 ms
2026-09-26 07:59:08.592 +05:30 [INF] HTTP GET /api/hostels/1/bills responded 200 in 309.4177 ms
2026-09-26 07:59:08.610 +05:30 [INF] HTTP GET /api/hostels/1/tenants responded 200 in 330.9266 ms
2026-09-26 07:59:08.616 +05:30 [INF] HTTP GET /api/hostels/1/tenants responded 200 in 3.2964 ms
2026-09-26 07:59:10.063 +05:30 [INF] HTTP OPTIONS /api/hostels/1/rooms responded 204 in 0.0548 ms
2026-09-26 07:59:10.063 +05:30 [INF] HTTP OPTIONS /api/hostels/1/rooms responded 204 in 0.0547 ms
2026-09-26 07:59:10.066 +05:30 [INF] HTTP GET /api/hostels/1/tenants responded 200 in 2.1894 ms
2026-09-26 07:59:10.069 +05:30 [INF] HTTP GET /api/hostels/1/tenants responded 200 in 1.9693 ms
2026-09-26 07:59:10.105 +05:30 [INF] HTTP GET /api/hostels/1/rooms responded 200 in 2.5376 ms
2026-09-26 07:59:10.109 +05:30 [INF] HTTP GET /api/hostels/1/rooms responded 200 in 2.9903 ms
2026-09-26 07:59:27.199 +05:30 [INF] HTTP OPTIONS /api/auth/login responded 204 in 0.1185 ms
2026-09-26 07:59:27.315 +05:30 [INF] HTTP POST /api/auth/login responded 200 in 110.7671 ms
2026-09-26 07:59:27.328 +05:30 [INF] HTTP OPTIONS /api/hostels/1/bills responded 204 in 0.0909 ms
2026-09-26 07:59:27.329 +05:30 [INF] HTTP OPTIONS /api/hostels/1/tenants responded 204 in 0.0472 ms
2026-09-26 07:59:27.329 +05:30 [INF] HTTP OPTIONS /api/hostels/1/bills responded 204 in 0.0165 ms
2026-09-26 07:59:27.329 +05:30 [INF] HTTP OPTIONS /api/hostels/1/tenants responded 204 in 0.0068 ms
2026-09-26 07:59:27.338 +05:30 [INF] HTTP GET /api/hostels/1/bills responded 200 in 4.9793 ms
2026-09-26 07:59:27.339 +05:30 [INF] HTTP GET /api/hostels/1/tenants responded 200 in 3.3071 ms
2026-09-26 07:59:27.343 +05:30 [INF] HTTP GET /api/hostels/1/bills responded 200 in 3.4257 ms
2026-09-26 07:59:27.343 +05:30 [INF] HTTP GET /api/hostels/1/tenants responded 200 in 2.1092 ms
2026-09-26 07:59:28.584 +05:30 [INF] HTTP OPTIONS /api/hostels/1/rooms responded 204 in 0.0637 ms
2026-09-26 07:59:28.584 +05:30 [INF] HTTP OPTIONS /api/hostels/1/rooms responded 204 in 0.0551 ms
2026-09-26 07:59:28.587 +05:30 [INF] HTTP GET /api/hostels/1/tenants responded 200 in 2.4579 ms
2026-09-26 07:59:28.595 +05:30 [INF] HTTP GET /api/hostels/1/rooms responded 200 in 3.9044 ms
2026-09-26 07:59:28.595 +05:30 [INF] HTTP GET /api/hostels/1/tenants responded 200 in 4.5870 ms
2026-09-26 07:59:28.598 +05:30 [INF] HTTP GET /api/hostels/1/rooms responded 200 in 2.6967 ms
2026-09-26 08:00:02.193 +05:30 [INF] HTTP OPTIONS /api/hostels/1/tenants responded 204 in 1.2376 ms
2026-09-26 08:00:02.408 +05:30 [ERR] Failed executing DbCommand (40ms) [Parameters=[p0='?' (DbType = Int64), p1='?' (DbType = Int64), p2='?' (DbType = Int64)], CommandType='"Text"', CommandTimeout='30']
SELECT s."Value"
FROM (
    SELECT assign_tenant_to_room(
        @p0,
        @p1,
        @p2
    ) AS "Value"
) AS s
LIMIT 2
2026-09-26 08:00:02.511 +05:30 [ERR] An exception occurred while iterating over the results of a query for context type 'HostelManagement.Api.Data.HostelDbContext'.
Npgsql.PostgresException (0x80004005): P0001: Room has no available capacity
   at Npgsql.Internal.NpgsqlConnector.ReadMessageLong(Boolean async, DataRowLoadingMode dataRowLoadingMode, Boolean readingNotifications, Boolean isReadingPrependedMessage)
   at System.Runtime.CompilerServices.PoolingAsyncValueTaskMethodBuilder`1.StateMachineBox`1.System.Threading.Tasks.Sources.IValueTaskSource<TResult>.GetResult(Int16 token)
   at Npgsql.NpgsqlDataReader.NextResult(Boolean async, Boolean isConsuming, CancellationToken cancellationToken)
   at Npgsql.NpgsqlDataReader.NextResult(Boolean async, Boolean isConsuming, CancellationToken cancellationToken)
   at Npgsql.NpgsqlCommand.ExecuteReader(Boolean async, CommandBehavior behavior, CancellationToken cancellationToken)
   at Npgsql.NpgsqlCommand.ExecuteReader(Boolean async, CommandBehavior behavior, CancellationToken cancellationToken)
   at Npgsql.NpgsqlCommand.ExecuteDbDataReaderAsync(CommandBehavior behavior, CancellationToken cancellationToken)
   at Microsoft.EntityFrameworkCore.Storage.RelationalCommand.ExecuteReaderAsync(RelationalCommandParameterObject parameterObject, CancellationToken cancellationToken)
   at Microsoft.EntityFrameworkCore.Storage.RelationalCommand.ExecuteReaderAsync(RelationalCommandParameterObject parameterObject, CancellationToken cancellationToken)
   at Microsoft.EntityFrameworkCore.Query.Internal.SingleQueryingEnumerable`1.AsyncEnumerator.InitializeReaderAsync(AsyncEnumerator enumerator, CancellationToken cancellationToken)
   at Npgsql.EntityFrameworkCore.PostgreSQL.Storage.Internal.NpgsqlExecutionStrategy.ExecuteAsync[TState,TResult](TState state, Func`4 operation, Func`4 verifySucceeded, CancellationToken cancellationToken)
   at Microsoft.EntityFrameworkCore.Query.Internal.SingleQueryingEnumerable`1.AsyncEnumerator.MoveNextAsync()
  Exception data:
    Severity: ERROR
    SqlState: P0001
    MessageText: Room has no available capacity
    Where: PL/pgSQL function assign_tenant_to_room(bigint,bigint,bigint) line 27 at RAISE
    File: pl_exec.c
    Line: 3923
    Routine: exec_stmt_raise
Npgsql.PostgresException (0x80004005): P0001: Room has no available capacity
   at Npgsql.Internal.NpgsqlConnector.ReadMessageLong(Boolean async, DataRowLoadingMode dataRowLoadingMode, Boolean readingNotifications, Boolean isReadingPrependedMessage)
   at System.Runtime.CompilerServices.PoolingAsyncValueTaskMethodBuilder`1.StateMachineBox`1.System.Threading.Tasks.Sources.IValueTaskSource<TResult>.GetResult(Int16 token)
   at Npgsql.NpgsqlDataReader.NextResult(Boolean async, Boolean isConsuming, CancellationToken cancellationToken)
   at Npgsql.NpgsqlDataReader.NextResult(Boolean async, Boolean isConsuming, CancellationToken cancellationToken)
   at Npgsql.NpgsqlCommand.ExecuteReader(Boolean async, CommandBehavior behavior, CancellationToken cancellationToken)
   at Npgsql.NpgsqlCommand.ExecuteReader(Boolean async, CommandBehavior behavior, CancellationToken cancellationToken)
   at Npgsql.NpgsqlCommand.ExecuteDbDataReaderAsync(CommandBehavior behavior, CancellationToken cancellationToken)
   at Microsoft.EntityFrameworkCore.Storage.RelationalCommand.ExecuteReaderAsync(RelationalCommandParameterObject parameterObject, CancellationToken cancellationToken)
   at Microsoft.EntityFrameworkCore.Storage.RelationalCommand.ExecuteReaderAsync(RelationalCommandParameterObject parameterObject, CancellationToken cancellationToken)
   at Microsoft.EntityFrameworkCore.Query.Internal.SingleQueryingEnumerable`1.AsyncEnumerator.InitializeReaderAsync(AsyncEnumerator enumerator, CancellationToken cancellationToken)
   at Npgsql.EntityFrameworkCore.PostgreSQL.Storage.Internal.NpgsqlExecutionStrategy.ExecuteAsync[TState,TResult](TState state, Func`4 operation, Func`4 verifySucceeded, CancellationToken cancellationToken)
   at Microsoft.EntityFrameworkCore.Query.Internal.SingleQueryingEnumerable`1.AsyncEnumerator.MoveNextAsync()
  Exception data:
    Severity: ERROR
    SqlState: P0001
    MessageText: Room has no available capacity
    Where: PL/pgSQL function assign_tenant_to_room(bigint,bigint,bigint) line 27 at RAISE
    File: pl_exec.c
    Line: 3923
    Routine: exec_stmt_raise
2026-09-26 08:00:02.588 +05:30 [INF] HTTP POST /api/hostels/1/tenants responded 409 in 388.9160 ms
2026-09-26 08:00:08.414 +05:30 [INF] HTTP OPTIONS /api/hostels/1/tenants responded 204 in 0.0497 ms
2026-09-26 08:00:08.466 +05:30 [INF] Created tenant 4 for hostel 1
2026-09-26 08:00:08.498 +05:30 [INF] HTTP POST /api/hostels/1/tenants responded 201 in 80.1203 ms
2026-09-26 08:00:08.503 +05:30 [INF] HTTP OPTIONS /api/hostels/1/rooms responded 204 in 0.0460 ms
2026-09-26 08:00:08.505 +05:30 [INF] HTTP GET /api/hostels/1/tenants responded 200 in 2.5273 ms
2026-09-26 08:00:08.510 +05:30 [INF] HTTP GET /api/hostels/1/rooms responded 200 in 2.9746 ms
2026-09-26 08:06:57.951 +05:30 [INF] HTTP OPTIONS /api/auth/login responded 204 in 10.2585 ms
2026-09-26 08:06:58.240 +05:30 [INF] HTTP POST /api/auth/login responded 200 in 274.9777 ms
2026-09-26 08:06:58.265 +05:30 [INF] HTTP OPTIONS /api/hostels/1/bills responded 204 in 0.2342 ms
2026-09-26 08:06:58.266 +05:30 [INF] HTTP OPTIONS /api/hostels/1/tenants responded 204 in 0.0759 ms
2026-09-26 08:06:58.267 +05:30 [INF] HTTP OPTIONS /api/hostels/1/tenants responded 204 in 0.0899 ms
2026-09-26 08:06:58.268 +05:30 [INF] HTTP OPTIONS /api/hostels/1/bills responded 204 in 0.1552 ms
2026-09-26 08:06:58.303 +05:30 [INF] HTTP GET /api/hostels/1/bills responded 200 in 28.7089 ms
2026-09-26 08:06:58.310 +05:30 [INF] HTTP GET /api/hostels/1/bills responded 200 in 5.1673 ms
2026-09-26 08:06:58.386 +05:30 [INF] HTTP GET /api/hostels/1/tenants responded 200 in 101.8842 ms
2026-09-26 08:06:58.393 +05:30 [INF] HTTP GET /api/hostels/1/tenants responded 200 in 5.5187 ms
2026-09-26 08:07:01.170 +05:30 [INF] HTTP OPTIONS /api/hostels/1/rooms responded 204 in 0.1027 ms
2026-09-26 08:07:01.170 +05:30 [INF] HTTP OPTIONS /api/hostels/1/rooms responded 204 in 0.1027 ms
2026-09-26 08:07:01.176 +05:30 [INF] HTTP GET /api/hostels/1/tenants responded 200 in 5.3101 ms
2026-09-26 08:07:01.181 +05:30 [INF] HTTP GET /api/hostels/1/tenants responded 200 in 3.2151 ms
2026-09-26 08:07:01.183 +05:30 [INF] HTTP GET /api/hostels/1/rooms responded 200 in 6.0064 ms
2026-09-26 08:07:01.187 +05:30 [INF] HTTP GET /api/hostels/1/rooms responded 200 in 2.6854 ms
2026-09-26 09:21:57.452 +05:30 [INF] Created in-app reminder 1 for bill 1
2026-09-26 09:25:31.961 +05:30 [INF] HTTP OPTIONS /api/auth/login responded 204 in 26.2698 ms
2026-09-26 09:25:32.618 +05:30 [INF] HTTP POST /api/auth/login responded 200 in 600.2309 ms
2026-09-26 09:25:32.662 +05:30 [INF] HTTP OPTIONS /api/hostels/1/bills responded 204 in 0.1119 ms
2026-09-26 09:25:32.664 +05:30 [INF] HTTP OPTIONS /api/hostels/1/tenants responded 204 in 0.1735 ms
2026-09-26 09:25:32.669 +05:30 [INF] HTTP OPTIONS /api/hostels/1/tenants responded 204 in 1.3153 ms
2026-09-26 09:25:32.674 +05:30 [INF] HTTP OPTIONS /api/hostels/1/bills responded 204 in 0.1381 ms
2026-09-26 09:25:32.709 +05:30 [INF] HTTP GET /api/hostels/1/bills responded 200 in 38.9810 ms
2026-09-26 09:25:32.717 +05:30 [INF] HTTP GET /api/hostels/1/bills responded 200 in 5.1403 ms
2026-09-26 09:25:33.052 +05:30 [INF] HTTP GET /api/hostels/1/tenants responded 200 in 364.4258 ms
2026-09-26 09:25:33.063 +05:30 [INF] HTTP GET /api/hostels/1/tenants responded 200 in 8.8303 ms
2026-09-26 09:25:54.682 +05:30 [INF] HTTP OPTIONS /api/auth/login responded 204 in 0.1126 ms
2026-09-26 09:25:54.889 +05:30 [INF] HTTP POST /api/auth/login responded 200 in 198.1133 ms
2026-09-26 09:25:54.903 +05:30 [INF] HTTP OPTIONS /api/hostels/1/bills responded 204 in 0.0773 ms
2026-09-26 09:25:54.904 +05:30 [INF] HTTP OPTIONS /api/hostels/1/tenants responded 204 in 0.2259 ms
2026-09-26 09:25:54.907 +05:30 [INF] HTTP OPTIONS /api/hostels/1/bills responded 204 in 0.1168 ms
2026-09-26 09:25:54.909 +05:30 [INF] HTTP OPTIONS /api/hostels/1/tenants responded 204 in 0.1039 ms
2026-09-26 09:25:54.921 +05:30 [INF] HTTP GET /api/hostels/1/bills responded 200 in 5.3780 ms
2026-09-26 09:25:54.923 +05:30 [INF] HTTP GET /api/hostels/1/tenants responded 200 in 4.9714 ms
2026-09-26 09:25:54.929 +05:30 [INF] HTTP GET /api/hostels/1/bills responded 200 in 4.0581 ms
2026-09-26 09:25:54.929 +05:30 [INF] HTTP GET /api/hostels/1/tenants responded 200 in 2.7209 ms
2026-09-26 09:25:57.223 +05:30 [INF] HTTP OPTIONS /api/hostels/1/rooms responded 204 in 0.1032 ms
2026-09-26 09:25:57.223 +05:30 [INF] HTTP OPTIONS /api/hostels/1/rooms responded 204 in 0.2160 ms
2026-09-26 09:25:57.229 +05:30 [INF] HTTP GET /api/hostels/1/tenants responded 200 in 6.1996 ms
2026-09-26 09:25:57.235 +05:30 [INF] HTTP GET /api/hostels/1/tenants responded 200 in 3.3374 ms
2026-09-26 09:25:57.242 +05:30 [INF] HTTP GET /api/hostels/1/rooms responded 200 in 10.6884 ms
2026-09-26 09:25:57.250 +05:30 [INF] HTTP GET /api/hostels/1/rooms responded 200 in 3.8530 ms
2026-09-26 09:25:57.912 +05:30 [INF] HTTP GET /api/hostels/1/rooms responded 200 in 3.9062 ms
2026-09-26 09:25:57.918 +05:30 [INF] HTTP GET /api/hostels/1/rooms responded 200 in 3.4933 ms
2026-09-26 09:25:58.684 +05:30 [INF] HTTP OPTIONS /api/hostels/1/complaints responded 204 in 0.0703 ms
2026-09-26 09:25:58.685 +05:30 [INF] HTTP OPTIONS /api/hostels/1/complaints responded 204 in 0.1038 ms
2026-09-26 09:25:58.689 +05:30 [INF] HTTP GET /api/hostels/1/tenants responded 200 in 3.9170 ms
2026-09-26 09:25:58.696 +05:30 [INF] HTTP GET /api/hostels/1/tenants responded 200 in 4.5513 ms
2026-09-26 09:25:58.724 +05:30 [INF] HTTP GET /api/hostels/1/complaints responded 200 in 32.1203 ms
2026-09-26 09:25:58.733 +05:30 [INF] HTTP GET /api/hostels/1/complaints responded 200 in 7.2023 ms
2026-09-26 09:25:59.596 +05:30 [INF] HTTP OPTIONS /api/hostels/1/attendance responded 204 in 0.0233 ms
2026-09-26 09:25:59.596 +05:30 [INF] HTTP OPTIONS /api/hostels/1/attendance responded 204 in 0.0102 ms
2026-09-26 09:25:59.606 +05:30 [INF] HTTP GET /api/hostels/1/tenants responded 200 in 10.1684 ms
2026-09-26 09:25:59.613 +05:30 [INF] HTTP GET /api/hostels/1/tenants responded 200 in 5.2743 ms
2026-09-26 09:25:59.644 +05:30 [INF] HTTP GET /api/hostels/1/attendance responded 200 in 39.3126 ms
2026-09-26 09:25:59.655 +05:30 [INF] HTTP GET /api/hostels/1/attendance responded 200 in 8.9229 ms
2026-09-26 09:26:00.298 +05:30 [INF] HTTP OPTIONS /api/hostels/1/tenants responded 204 in 0.0627 ms
2026-09-26 09:26:00.299 +05:30 [INF] HTTP OPTIONS /api/hostels/1/tenants responded 204 in 0.0417 ms
2026-09-26 09:26:00.320 +05:30 [INF] HTTP GET /api/hostels/1/tenants responded 200 in 12.7514 ms
2026-09-26 09:26:00.324 +05:30 [INF] HTTP GET /api/hostels/1/tenants responded 200 in 2.7887 ms
2026-09-26 09:26:00.344 +05:30 [INF] HTTP OPTIONS /api/hostels/1/tenants/4/notifications responded 204 in 0.5400 ms
2026-09-26 09:26:00.370 +05:30 [INF] HTTP GET /api/hostels/1/tenants/4/notifications responded 200 in 21.0271 ms
2026-09-26 09:26:01.194 +05:30 [INF] HTTP OPTIONS /api/hostels/1/reports/summary responded 204 in 0.0725 ms
2026-09-26 09:26:01.194 +05:30 [INF] HTTP OPTIONS /api/hostels/1/reports/summary responded 204 in 0.1053 ms
2026-09-26 09:26:01.265 +05:30 [INF] HTTP GET /api/hostels/1/reports/summary responded 200 in 65.1346 ms
2026-09-26 09:26:01.282 +05:30 [INF] HTTP GET /api/hostels/1/reports/summary responded 200 in 15.7035 ms
2026-09-26 09:26:02.046 +05:30 [INF] HTTP OPTIONS /api/hostels/1/reminders responded 204 in 0.1256 ms
2026-09-26 09:26:02.048 +05:30 [INF] HTTP OPTIONS /api/hostels/1/bills responded 204 in 0.0535 ms
2026-09-26 09:26:02.048 +05:30 [INF] HTTP OPTIONS /api/hostels/1/reminders responded 204 in 0.0475 ms
2026-09-26 09:26:02.048 +05:30 [INF] HTTP OPTIONS /api/hostels/1/bills responded 204 in 0.0151 ms
2026-09-26 09:26:02.059 +05:30 [INF] HTTP GET /api/hostels/1/bills responded 200 in 4.2619 ms
2026-09-26 09:26:02.065 +05:30 [INF] HTTP GET /api/hostels/1/bills responded 200 in 3.1210 ms
2026-09-26 09:26:02.068 +05:30 [INF] HTTP GET /api/hostels/1/reminders responded 200 in 14.7807 ms
2026-09-26 09:26:02.074 +05:30 [INF] HTTP GET /api/hostels/1/reminders responded 200 in 4.3898 ms
2026-09-26 09:26:03.194 +05:30 [INF] HTTP OPTIONS /api/hostels/1/settings responded 204 in 0.0738 ms
2026-09-26 09:26:03.195 +05:30 [INF] HTTP OPTIONS /api/hostels/1/settings responded 204 in 0.0491 ms
2026-09-26 09:26:03.230 +05:30 [INF] HTTP GET /api/hostels/1/settings responded 200 in 29.5192 ms
2026-09-26 09:26:03.236 +05:30 [INF] HTTP GET /api/hostels/1/settings responded 200 in 4.3194 ms
2026-09-26 09:31:07.728 +05:30 [INF] HTTP OPTIONS /api/auth/login responded 204 in 7.5070 ms
2026-09-26 09:31:08.025 +05:30 [INF] HTTP POST /api/auth/login responded 200 in 281.4399 ms
2026-09-26 09:31:08.056 +05:30 [INF] HTTP OPTIONS /api/hostels/1/bills responded 204 in 1.5322 ms
2026-09-26 09:31:08.056 +05:30 [INF] HTTP OPTIONS /api/hostels/1/tenants responded 204 in 0.1570 ms
2026-09-26 09:31:08.059 +05:30 [INF] HTTP OPTIONS /api/hostels/1/bills responded 204 in 0.0781 ms
2026-09-26 09:31:08.060 +05:30 [INF] HTTP OPTIONS /api/hostels/1/tenants responded 204 in 0.2397 ms
2026-09-26 09:31:08.075 +05:30 [INF] HTTP GET /api/hostels/1/bills responded 200 in 11.2307 ms
2026-09-26 09:31:08.080 +05:30 [INF] HTTP GET /api/hostels/1/bills responded 200 in 3.0283 ms
2026-09-26 09:31:08.624 +05:30 [INF] HTTP GET /api/hostels/1/tenants responded 200 in 556.1140 ms
2026-09-26 09:31:08.631 +05:30 [INF] HTTP GET /api/hostels/1/tenants responded 200 in 4.6117 ms
2026-09-26 09:31:10.005 +05:30 [INF] HTTP OPTIONS /api/hostels/1/rooms responded 204 in 0.1216 ms
2026-09-26 09:31:10.006 +05:30 [INF] HTTP OPTIONS /api/hostels/1/rooms responded 204 in 0.2222 ms
2026-09-26 09:31:10.012 +05:30 [INF] HTTP GET /api/hostels/1/tenants responded 200 in 6.4124 ms
2026-09-26 09:31:10.018 +05:30 [INF] HTTP GET /api/hostels/1/tenants responded 200 in 3.5563 ms
2026-09-26 09:31:10.044 +05:30 [INF] HTTP GET /api/hostels/1/rooms responded 200 in 31.1269 ms
2026-09-26 09:31:10.050 +05:30 [INF] HTTP GET /api/hostels/1/rooms responded 200 in 3.4997 ms
2026-09-26 09:31:12.990 +05:30 [INF] HTTP GET /api/hostels/1/rooms responded 200 in 2.4423 ms
2026-09-26 09:31:12.994 +05:30 [INF] HTTP GET /api/hostels/1/rooms responded 200 in 2.5142 ms
2026-09-26 09:31:16.948 +05:30 [INF] HTTP OPTIONS /api/hostels/1/complaints responded 204 in 0.0887 ms
2026-09-26 09:31:16.951 +05:30 [INF] HTTP OPTIONS /api/hostels/1/tenants responded 204 in 0.0711 ms
2026-09-26 09:31:16.951 +05:30 [INF] HTTP OPTIONS /api/hostels/1/complaints responded 204 in 0.1296 ms
2026-09-26 09:31:16.951 +05:30 [INF] HTTP OPTIONS /api/hostels/1/tenants responded 204 in 0.0083 ms
2026-09-26 09:31:16.964 +05:30 [INF] HTTP GET /api/hostels/1/complaints responded 200 in 7.3908 ms
2026-09-26 09:31:16.963 +05:30 [INF] HTTP GET /api/hostels/1/tenants responded 200 in 4.4729 ms
2026-09-26 09:31:16.973 +05:30 [INF] HTTP GET /api/hostels/1/complaints responded 200 in 7.1838 ms
2026-09-26 09:31:16.974 +05:30 [INF] HTTP GET /api/hostels/1/tenants responded 200 in 7.7538 ms
2026-09-26 09:31:21.342 +05:30 [INF] HTTP OPTIONS /api/hostels/1/attendance responded 204 in 0.1153 ms
2026-09-26 09:31:21.342 +05:30 [INF] HTTP OPTIONS /api/hostels/1/attendance responded 204 in 0.1153 ms
2026-09-26 09:31:21.349 +05:30 [INF] HTTP GET /api/hostels/1/tenants responded 200 in 6.7829 ms
2026-09-26 09:31:21.356 +05:30 [INF] HTTP GET /api/hostels/1/tenants responded 200 in 4.5749 ms
2026-09-26 09:31:21.360 +05:30 [INF] HTTP GET /api/hostels/1/attendance responded 200 in 9.4524 ms
2026-09-26 09:31:21.365 +05:30 [INF] HTTP GET /api/hostels/1/attendance responded 200 in 3.2884 ms
2026-09-26 09:31:23.113 +05:30 [INF] HTTP OPTIONS /api/hostels/1/tenants responded 204 in 0.0812 ms
2026-09-26 09:31:23.114 +05:30 [INF] HTTP OPTIONS /api/hostels/1/tenants responded 204 in 0.0654 ms
2026-09-26 09:31:23.130 +05:30 [INF] HTTP GET /api/hostels/1/tenants responded 200 in 4.0261 ms
2026-09-26 09:31:23.139 +05:30 [INF] HTTP GET /api/hostels/1/tenants responded 200 in 3.4678 ms
2026-09-26 09:31:23.172 +05:30 [INF] HTTP OPTIONS /api/hostels/1/tenants/4/notifications responded 204 in 0.2131 ms
2026-09-26 09:31:23.193 +05:30 [INF] HTTP GET /api/hostels/1/tenants/4/notifications responded 200 in 14.7515 ms
2026-09-26 09:31:27.169 +05:30 [INF] HTTP OPTIONS /api/hostels/1/tenants/4/notifications responded 204 in 0.0555 ms
2026-09-26 09:31:27.187 +05:30 [INF] HTTP GET /api/hostels/1/tenants/4/notifications responded 200 in 10.3307 ms
2026-09-26 09:31:36.319 +05:30 [INF] HTTP OPTIONS /api/hostels/1/reports/summary responded 204 in 0.2178 ms
2026-09-26 09:31:36.319 +05:30 [INF] HTTP OPTIONS /api/hostels/1/reports/summary responded 204 in 0.0610 ms
2026-09-26 09:31:36.966 +05:30 [INF] HTTP GET /api/hostels/1/reports/summary responded 200 in 636.6357 ms
2026-09-26 09:31:37.000 +05:30 [INF] HTTP GET /api/hostels/1/reports/summary responded 200 in 30.8345 ms
2026-09-26 09:31:53.995 +05:30 [INF] HTTP OPTIONS /api/hostels/1/bills responded 204 in 0.0793 ms
2026-09-26 09:31:53.996 +05:30 [INF] HTTP OPTIONS /api/hostels/1/tenants responded 204 in 0.0395 ms
2026-09-26 09:31:53.996 +05:30 [INF] HTTP OPTIONS /api/hostels/1/bills responded 204 in 0.0863 ms
2026-09-26 09:31:53.997 +05:30 [INF] HTTP OPTIONS /api/hostels/1/tenants responded 204 in 0.0327 ms
2026-09-26 09:31:54.006 +05:30 [INF] HTTP GET /api/hostels/1/bills responded 200 in 4.2729 ms
2026-09-26 09:31:54.010 +05:30 [INF] HTTP GET /api/hostels/1/tenants responded 200 in 3.3878 ms
2026-09-26 09:31:54.012 +05:30 [INF] HTTP GET /api/hostels/1/bills responded 200 in 2.9227 ms
2026-09-26 09:31:54.066 +05:30 [INF] HTTP GET /api/hostels/1/tenants responded 200 in 4.3347 ms
2026-09-26 09:31:59.454 +05:30 [INF] HTTP OPTIONS /api/hostels/1/bills/1/razorpay-order responded 204 in 1.1593 ms
2026-09-26 09:31:59.583 +05:30 [INF] Start processing HTTP request POST https://api.razorpay.com/v1/orders
2026-09-26 09:31:59.594 +05:30 [INF] Sending HTTP request POST https://api.razorpay.com/v1/orders
2026-09-26 09:32:00.022 +05:30 [INF] Received HTTP response headers after 420.1254ms - 401
2026-09-26 09:32:00.036 +05:30 [INF] End processing HTTP request after 463.0581ms - 401
2026-09-26 09:32:00.076 +05:30 [ERR] HTTP POST /api/hostels/1/bills/1/razorpay-order responded 500 in 616.4050 ms
System.Net.Http.HttpRequestException: Response status code does not indicate success: 401 (Unauthorized).
   at System.Net.Http.HttpResponseMessage.EnsureSuccessStatusCode()
   at HostelManagement.Api.Services.RazorpayOrderService.CreateOrder(Int64 amountPaise, String receipt, CancellationToken cancellationToken) in C:\HostelManagementApp\HostelManagement.Api\Services\RazorpayOrderService.cs:line 95
   at HostelManagement.Api.Controllers.RazorpayController.CreateOrder(Int64 hostelId, Int64 billId, CancellationToken cancellationToken) in C:\HostelManagementApp\HostelManagement.Api\Controllers\RazorpayController.cs:line 77
   at Microsoft.AspNetCore.Mvc.Infrastructure.ActionMethodExecutor.TaskOfIActionResultExecutor.Execute(ActionContext actionContext, IActionResultTypeMapper mapper, ObjectMethodExecutor executor, Object controller, Object[] arguments)
   at Microsoft.AspNetCore.Mvc.Infrastructure.ControllerActionInvoker.<InvokeActionMethodAsync>g__Awaited|12_0(ControllerActionInvoker invoker, ValueTask`1 actionResultValueTask)
   at Microsoft.AspNetCore.Mvc.Infrastructure.ControllerActionInvoker.<InvokeNextActionFilterAsync>g__Awaited|10_0(ControllerActionInvoker invoker, Task lastTask, State next, Scope scope, Object state, Boolean isCompleted)
   at Microsoft.AspNetCore.Mvc.Infrastructure.ControllerActionInvoker.Rethrow(ActionExecutedContextSealed context)
   at Microsoft.AspNetCore.Mvc.Infrastructure.ControllerActionInvoker.Next(State& next, Scope& scope, Object& state, Boolean& isCompleted)
   at Microsoft.AspNetCore.Mvc.Infrastructure.ControllerActionInvoker.<InvokeInnerFilterAsync>g__Awaited|13_0(ControllerActionInvoker invoker, Task lastTask, State next, Scope scope, Object state, Boolean isCompleted)
   at Microsoft.AspNetCore.Mvc.Infrastructure.ResourceInvoker.<InvokeFilterPipelineAsync>g__Awaited|20_0(ResourceInvoker invoker, Task lastTask, State next, Scope scope, Object state, Boolean isCompleted)
   at Microsoft.AspNetCore.Mvc.Infrastructure.ResourceInvoker.<InvokeAsync>g__Awaited|17_0(ResourceInvoker invoker, Task task, IDisposable scope)
   at Microsoft.AspNetCore.Mvc.Infrastructure.ResourceInvoker.<InvokeAsync>g__Awaited|17_0(ResourceInvoker invoker, Task task, IDisposable scope)
   at Microsoft.AspNetCore.Authorization.AuthorizationMiddleware.Invoke(HttpContext context)
   at HostelManagement.Api.Middleware.HostelScopeMiddleware.InvokeAsync(HttpContext context) in C:\HostelManagementApp\HostelManagement.Api\Middleware\HostelScopeMiddleware.cs:line 49
   at Microsoft.AspNetCore.Authentication.AuthenticationMiddleware.Invoke(HttpContext context)
   at Swashbuckle.AspNetCore.SwaggerUI.SwaggerUIMiddleware.Invoke(HttpContext httpContext)
   at Swashbuckle.AspNetCore.Swagger.SwaggerMiddleware.Invoke(HttpContext httpContext, ISwaggerProvider swaggerProvider)
   at Serilog.AspNetCore.RequestLoggingMiddleware.Invoke(HttpContext httpContext)
2026-09-26 09:32:00.150 +05:30 [ERR] An unhandled exception has occurred while executing the request.
System.Net.Http.HttpRequestException: Response status code does not indicate success: 401 (Unauthorized).
   at System.Net.Http.HttpResponseMessage.EnsureSuccessStatusCode()
   at HostelManagement.Api.Services.RazorpayOrderService.CreateOrder(Int64 amountPaise, String receipt, CancellationToken cancellationToken) in C:\HostelManagementApp\HostelManagement.Api\Services\RazorpayOrderService.cs:line 95
   at HostelManagement.Api.Controllers.RazorpayController.CreateOrder(Int64 hostelId, Int64 billId, CancellationToken cancellationToken) in C:\HostelManagementApp\HostelManagement.Api\Controllers\RazorpayController.cs:line 77
   at Microsoft.AspNetCore.Mvc.Infrastructure.ActionMethodExecutor.TaskOfIActionResultExecutor.Execute(ActionContext actionContext, IActionResultTypeMapper mapper, ObjectMethodExecutor executor, Object controller, Object[] arguments)
   at Microsoft.AspNetCore.Mvc.Infrastructure.ControllerActionInvoker.<InvokeActionMethodAsync>g__Awaited|12_0(ControllerActionInvoker invoker, ValueTask`1 actionResultValueTask)
   at Microsoft.AspNetCore.Mvc.Infrastructure.ControllerActionInvoker.<InvokeNextActionFilterAsync>g__Awaited|10_0(ControllerActionInvoker invoker, Task lastTask, State next, Scope scope, Object state, Boolean isCompleted)
   at Microsoft.AspNetCore.Mvc.Infrastructure.ControllerActionInvoker.Rethrow(ActionExecutedContextSealed context)
   at Microsoft.AspNetCore.Mvc.Infrastructure.ControllerActionInvoker.Next(State& next, Scope& scope, Object& state, Boolean& isCompleted)
   at Microsoft.AspNetCore.Mvc.Infrastructure.ControllerActionInvoker.<InvokeInnerFilterAsync>g__Awaited|13_0(ControllerActionInvoker invoker, Task lastTask, State next, Scope scope, Object state, Boolean isCompleted)
   at Microsoft.AspNetCore.Mvc.Infrastructure.ResourceInvoker.<InvokeFilterPipelineAsync>g__Awaited|20_0(ResourceInvoker invoker, Task lastTask, State next, Scope scope, Object state, Boolean isCompleted)
   at Microsoft.AspNetCore.Mvc.Infrastructure.ResourceInvoker.<InvokeAsync>g__Awaited|17_0(ResourceInvoker invoker, Task task, IDisposable scope)
   at Microsoft.AspNetCore.Mvc.Infrastructure.ResourceInvoker.<InvokeAsync>g__Awaited|17_0(ResourceInvoker invoker, Task task, IDisposable scope)
   at Microsoft.AspNetCore.Authorization.AuthorizationMiddleware.Invoke(HttpContext context)
   at HostelManagement.Api.Middleware.HostelScopeMiddleware.InvokeAsync(HttpContext context) in C:\HostelManagementApp\HostelManagement.Api\Middleware\HostelScopeMiddleware.cs:line 49
   at Microsoft.AspNetCore.Authentication.AuthenticationMiddleware.Invoke(HttpContext context)
   at Swashbuckle.AspNetCore.SwaggerUI.SwaggerUIMiddleware.Invoke(HttpContext httpContext)
   at Swashbuckle.AspNetCore.Swagger.SwaggerMiddleware.Invoke(HttpContext httpContext, ISwaggerProvider swaggerProvider)
   at Serilog.AspNetCore.RequestLoggingMiddleware.Invoke(HttpContext httpContext)
   at Microsoft.AspNetCore.Diagnostics.DeveloperExceptionPageMiddlewareImpl.Invoke(HttpContext context)
2026-09-26 09:32:10.218 +05:30 [INF] HTTP OPTIONS /api/hostels/1/tenants responded 204 in 0.0687 ms
2026-09-26 09:32:10.219 +05:30 [INF] HTTP OPTIONS /api/hostels/1/tenants responded 204 in 0.0623 ms
2026-09-26 09:32:10.219 +05:30 [INF] HTTP OPTIONS /api/hostels/1/rooms responded 204 in 0.0372 ms
2026-09-26 09:32:10.219 +05:30 [INF] HTTP OPTIONS /api/hostels/1/rooms responded 204 in 0.0462 ms
2026-09-26 09:32:10.228 +05:30 [INF] HTTP GET /api/hostels/1/tenants responded 200 in 3.3814 ms
2026-09-26 09:32:10.233 +05:30 [INF] HTTP GET /api/hostels/1/rooms responded 200 in 3.1312 ms
2026-09-26 09:32:10.238 +05:30 [INF] HTTP GET /api/hostels/1/rooms responded 200 in 3.1720 ms
2026-09-26 09:32:10.352 +05:30 [INF] HTTP GET /api/hostels/1/tenants responded 200 in 120.8904 ms
2026-09-26 09:32:13.869 +05:30 [INF] HTTP GET /api/hostels/1/rooms responded 200 in 2.5088 ms
2026-09-26 09:32:13.873 +05:30 [INF] HTTP GET /api/hostels/1/rooms responded 200 in 2.3475 ms
2026-09-26 09:32:16.547 +05:30 [INF] HTTP OPTIONS /api/hostels/1/complaints responded 204 in 0.1372 ms
2026-09-26 09:32:16.548 +05:30 [INF] HTTP OPTIONS /api/hostels/1/tenants responded 204 in 0.0646 ms
2026-09-26 09:32:16.548 +05:30 [INF] HTTP OPTIONS /api/hostels/1/complaints responded 204 in 0.0327 ms
2026-09-26 09:32:16.549 +05:30 [INF] HTTP OPTIONS /api/hostels/1/tenants responded 204 in 0.0356 ms
2026-09-26 09:32:16.558 +05:30 [INF] HTTP GET /api/hostels/1/complaints responded 200 in 3.9432 ms
2026-09-26 09:32:16.559 +05:30 [INF] HTTP GET /api/hostels/1/tenants responded 200 in 3.1609 ms
2026-09-26 09:32:16.564 +05:30 [INF] HTTP GET /api/hostels/1/complaints responded 200 in 4.8294 ms
2026-09-26 09:32:16.566 +05:30 [INF] HTTP GET /api/hostels/1/tenants responded 200 in 3.1601 ms
2026-09-26 09:34:43.796 +05:30 [INF] HTTP OPTIONS /api/auth/login responded 204 in 1.0109 ms
2026-09-26 09:34:44.095 +05:30 [INF] HTTP POST /api/auth/login responded 200 in 291.8529 ms
2026-09-26 09:34:44.123 +05:30 [INF] HTTP OPTIONS /api/hostels/1/bills responded 204 in 3.6106 ms
2026-09-26 09:34:44.126 +05:30 [INF] HTTP OPTIONS /api/hostels/1/tenants responded 204 in 0.1930 ms
2026-09-26 09:34:44.127 +05:30 [INF] HTTP OPTIONS /api/hostels/1/bills responded 204 in 0.2934 ms
2026-09-26 09:34:44.128 +05:30 [INF] HTTP OPTIONS /api/hostels/1/tenants responded 204 in 0.2054 ms
2026-09-26 09:34:44.143 +05:30 [INF] HTTP GET /api/hostels/1/bills responded 200 in 7.9430 ms
2026-09-26 09:34:44.145 +05:30 [INF] HTTP GET /api/hostels/1/tenants responded 200 in 6.8014 ms
2026-09-26 09:34:44.151 +05:30 [INF] HTTP GET /api/hostels/1/bills responded 200 in 4.9674 ms
2026-09-26 09:34:44.159 +05:30 [INF] HTTP GET /api/hostels/1/tenants responded 200 in 6.1053 ms
2026-09-26 09:34:47.832 +05:30 [INF] HTTP OPTIONS /api/hostels/1/bills/1 responded 204 in 0.0539 ms
2026-09-26 09:34:48.324 +05:30 [INF] HTTP GET /api/hostels/1/bills/1 responded 200 in 484.6194 ms
2026-09-26 09:47:48.075 +05:30 [INF] Application is shutting down...
2026-09-26 09:48:08.102 +05:30 [INF] Now listening on: http://localhost:5204
2026-09-26 09:48:08.142 +05:30 [INF] Application started. Press Ctrl+C to shut down.
2026-09-26 09:48:08.143 +05:30 [INF] Hosting environment: Development
2026-09-26 09:48:08.144 +05:30 [INF] Content root path: C:\HostelManagementApp\HostelManagement.Api
2026-09-26 09:48:24.272 +05:30 [WRN] Failed to determine the https port for redirect.
2026-09-26 09:48:24.344 +05:30 [INF] HTTP OPTIONS /api/auth/login responded 204 in 131.7686 ms
2026-09-26 09:48:26.923 +05:30 [INF] HTTP POST /api/auth/login responded 200 in 2544.0778 ms
2026-09-26 09:48:26.994 +05:30 [INF] HTTP OPTIONS /api/hostels/1/bills responded 204 in 3.6848 ms
2026-09-26 09:48:26.994 +05:30 [INF] HTTP OPTIONS /api/hostels/1/tenants responded 204 in 3.6187 ms
2026-09-26 09:48:26.994 +05:30 [INF] HTTP OPTIONS /api/hostels/1/bills responded 204 in 11.1073 ms
2026-09-26 09:48:26.995 +05:30 [INF] HTTP OPTIONS /api/hostels/1/tenants responded 204 in 2.6632 ms
2026-09-26 09:48:27.541 +05:30 [INF] HTTP GET /api/hostels/1/bills responded 200 in 537.9483 ms
2026-09-26 09:48:27.569 +05:30 [INF] HTTP GET /api/hostels/1/bills responded 200 in 26.0158 ms
2026-09-26 09:48:27.596 +05:30 [INF] HTTP GET /api/hostels/1/tenants responded 200 in 588.3291 ms
2026-09-26 09:48:27.611 +05:30 [INF] HTTP GET /api/hostels/1/tenants responded 200 in 11.8787 ms
2026-09-26 09:48:30.137 +05:30 [INF] HTTP OPTIONS /api/hostels/1/bills/1 responded 204 in 0.5598 ms
2026-09-26 09:48:30.242 +05:30 [INF] HTTP GET /api/hostels/1/bills/1 responded 200 in 97.0467 ms
2026-09-26 09:48:34.886 +05:30 [INF] HTTP OPTIONS /api/hostels/1/tenants responded 204 in 0.2718 ms
2026-09-26 09:48:34.887 +05:30 [INF] HTTP OPTIONS /api/hostels/1/rooms responded 204 in 0.2934 ms
2026-09-26 09:48:34.887 +05:30 [INF] HTTP OPTIONS /api/hostels/1/tenants responded 204 in 0.0699 ms
2026-09-26 09:48:34.887 +05:30 [INF] HTTP OPTIONS /api/hostels/1/rooms responded 204 in 0.1524 ms
2026-09-26 09:48:34.923 +05:30 [INF] HTTP GET /api/hostels/1/tenants responded 200 in 24.2332 ms
2026-09-26 09:48:34.935 +05:30 [INF] HTTP GET /api/hostels/1/tenants responded 200 in 9.1485 ms
2026-09-26 09:48:34.980 +05:30 [INF] HTTP GET /api/hostels/1/rooms responded 200 in 78.3669 ms
2026-09-26 09:48:34.993 +05:30 [INF] HTTP GET /api/hostels/1/rooms responded 200 in 10.8232 ms
2026-09-26 09:48:37.601 +05:30 [INF] HTTP GET /api/hostels/1/rooms responded 200 in 5.9035 ms
2026-09-26 09:48:37.608 +05:30 [INF] HTTP GET /api/hostels/1/rooms responded 200 in 5.3942 ms
2026-09-26 09:48:39.055 +05:30 [INF] HTTP OPTIONS /api/hostels/1/complaints responded 204 in 0.3199 ms
2026-09-26 09:48:39.056 +05:30 [INF] HTTP OPTIONS /api/hostels/1/complaints responded 204 in 0.1922 ms
2026-09-26 09:48:39.063 +05:30 [INF] HTTP GET /api/hostels/1/tenants responded 200 in 6.7838 ms
2026-09-26 09:48:39.074 +05:30 [INF] HTTP GET /api/hostels/1/tenants responded 200 in 8.4291 ms
2026-09-26 09:48:39.166 +05:30 [INF] HTTP GET /api/hostels/1/complaints responded 200 in 101.4964 ms
2026-09-26 09:48:39.175 +05:30 [INF] HTTP GET /api/hostels/1/complaints responded 200 in 7.3596 ms
2026-09-26 09:48:42.326 +05:30 [INF] HTTP OPTIONS /api/hostels/1/tenants responded 204 in 0.4966 ms
2026-09-26 09:48:42.326 +05:30 [INF] HTTP OPTIONS /api/hostels/1/attendance responded 204 in 0.0961 ms
2026-09-26 09:48:42.327 +05:30 [INF] HTTP OPTIONS /api/hostels/1/tenants responded 204 in 0.1913 ms
2026-09-26 09:48:42.327 +05:30 [INF] HTTP OPTIONS /api/hostels/1/attendance responded 204 in 0.0981 ms
2026-09-26 09:48:42.341 +05:30 [INF] HTTP GET /api/hostels/1/tenants responded 200 in 7.6271 ms
2026-09-26 09:48:42.361 +05:30 [INF] HTTP GET /api/hostels/1/tenants responded 200 in 5.5335 ms
2026-09-26 09:48:42.419 +05:30 [INF] HTTP GET /api/hostels/1/attendance responded 200 in 81.1069 ms
2026-09-26 09:48:42.427 +05:30 [INF] HTTP GET /api/hostels/1/attendance responded 200 in 5.9885 ms
2026-09-26 09:48:47.787 +05:30 [INF] HTTP OPTIONS /api/hostels/1/tenants responded 204 in 0.5357 ms
2026-09-26 09:48:47.787 +05:30 [INF] HTTP OPTIONS /api/hostels/1/tenants responded 204 in 0.8539 ms
2026-09-26 09:48:47.800 +05:30 [INF] HTTP GET /api/hostels/1/tenants responded 200 in 5.2176 ms
2026-09-26 09:48:47.806 +05:30 [INF] HTTP GET /api/hostels/1/tenants responded 200 in 4.8197 ms
2026-09-26 09:48:47.827 +05:30 [INF] HTTP OPTIONS /api/hostels/1/tenants/4/notifications responded 204 in 0.1738 ms
2026-09-26 09:48:47.996 +05:30 [INF] HTTP GET /api/hostels/1/tenants/4/notifications responded 200 in 161.8784 ms
2026-09-26 09:48:51.930 +05:30 [INF] HTTP OPTIONS /api/hostels/1/reports/summary responded 204 in 0.0364 ms
2026-09-26 09:48:51.930 +05:30 [INF] HTTP OPTIONS /api/hostels/1/reports/summary responded 204 in 0.1400 ms
2026-09-26 09:48:52.275 +05:30 [INF] HTTP GET /api/hostels/1/reports/summary responded 200 in 338.1283 ms
2026-09-26 09:48:52.310 +05:30 [INF] HTTP GET /api/hostels/1/reports/summary responded 200 in 31.9631 ms
2026-09-26 09:48:56.920 +05:30 [INF] HTTP OPTIONS /api/hostels/1/reminders responded 204 in 0.3290 ms
2026-09-26 09:48:56.922 +05:30 [INF] HTTP OPTIONS /api/hostels/1/bills responded 204 in 0.1638 ms
2026-09-26 09:48:56.922 +05:30 [INF] HTTP OPTIONS /api/hostels/1/reminders responded 204 in 0.1429 ms
2026-09-26 09:48:56.922 +05:30 [INF] HTTP OPTIONS /api/hostels/1/bills responded 204 in 0.0368 ms
2026-09-26 09:48:56.951 +05:30 [INF] HTTP GET /api/hostels/1/bills responded 200 in 9.6895 ms
2026-09-26 09:48:56.959 +05:30 [INF] HTTP GET /api/hostels/1/bills responded 200 in 6.4427 ms
2026-09-26 09:48:56.996 +05:30 [INF] HTTP GET /api/hostels/1/reminders responded 200 in 67.7614 ms
2026-09-26 09:48:57.003 +05:30 [INF] HTTP GET /api/hostels/1/reminders responded 200 in 5.1900 ms
2026-09-26 09:48:58.901 +05:30 [INF] HTTP OPTIONS /api/hostels/1/settings responded 204 in 0.1107 ms
2026-09-26 09:48:58.902 +05:30 [INF] HTTP OPTIONS /api/hostels/1/settings responded 204 in 0.0552 ms
2026-09-26 09:48:59.042 +05:30 [INF] HTTP GET /api/hostels/1/settings responded 200 in 133.0241 ms
2026-09-26 09:48:59.051 +05:30 [INF] HTTP GET /api/hostels/1/settings responded 200 in 7.7893 ms
2026-09-26 09:51:29.815 +05:30 [INF] Application is shutting down...
2026-09-26 09:52:01.135 +05:30 [INF] Now listening on: http://localhost:5204
2026-09-26 09:52:01.587 +05:30 [INF] Application started. Press Ctrl+C to shut down.
2026-09-26 09:52:01.658 +05:30 [INF] Hosting environment: Development
2026-09-26 09:52:01.659 +05:30 [INF] Content root path: C:\HostelManagementApp\HostelManagement.Api
2026-09-26 09:52:10.663 +05:30 [WRN] Failed to determine the https port for redirect.
2026-09-26 09:52:10.704 +05:30 [INF] HTTP OPTIONS /api/auth/login responded 204 in 69.0418 ms
2026-09-26 09:52:12.057 +05:30 [INF] HTTP POST /api/auth/login responded 200 in 1333.4444 ms
2026-09-26 09:52:12.122 +05:30 [INF] HTTP OPTIONS /api/hostels/1/bills responded 204 in 3.8150 ms
2026-09-26 09:52:12.127 +05:30 [INF] HTTP OPTIONS /api/hostels/1/bills responded 204 in 3.3148 ms
2026-09-26 09:52:12.127 +05:30 [INF] HTTP OPTIONS /api/hostels/1/tenants responded 204 in 3.3219 ms
2026-09-26 09:52:12.129 +05:30 [INF] HTTP OPTIONS /api/hostels/1/tenants responded 204 in 0.1627 ms
2026-09-26 09:52:12.420 +05:30 [INF] HTTP GET /api/hostels/1/bills responded 200 in 287.5164 ms
2026-09-26 09:52:12.434 +05:30 [INF] HTTP GET /api/hostels/1/tenants responded 200 in 295.4768 ms
2026-09-26 09:52:12.449 +05:30 [INF] HTTP GET /api/hostels/1/tenants responded 200 in 11.7235 ms
2026-09-26 09:52:12.513 +05:30 [INF] HTTP GET /api/hostels/1/bills responded 200 in 90.5007 ms
2026-09-26 10:01:41.653 +05:30 [INF] HTTP OPTIONS /api/auth/login responded 204 in 18.0911 ms
2026-09-26 10:01:42.053 +05:30 [INF] HTTP POST /api/auth/login responded 200 in 347.2577 ms
2026-09-26 10:01:42.090 +05:30 [INF] HTTP OPTIONS /api/hostels/1/bills responded 204 in 1.0123 ms
2026-09-26 10:01:42.095 +05:30 [INF] HTTP OPTIONS /api/hostels/1/tenants responded 204 in 0.3210 ms
2026-09-26 10:01:42.100 +05:30 [INF] HTTP OPTIONS /api/hostels/1/bills responded 204 in 0.3745 ms
2026-09-26 10:01:42.101 +05:30 [INF] HTTP OPTIONS /api/hostels/1/tenants responded 204 in 0.1314 ms
2026-09-26 10:01:42.148 +05:30 [INF] HTTP GET /api/hostels/1/tenants responded 200 in 36.1794 ms
2026-09-26 10:01:42.155 +05:30 [INF] HTTP GET /api/hostels/1/tenants responded 200 in 5.2011 ms
2026-09-26 10:01:42.266 +05:30 [INF] HTTP GET /api/hostels/1/bills responded 200 in 159.6949 ms
2026-09-26 10:01:42.277 +05:30 [INF] HTTP GET /api/hostels/1/bills responded 200 in 9.3252 ms
2026-09-26 10:01:43.604 +05:30 [INF] HTTP OPTIONS /api/hostels/1/rooms responded 204 in 0.2317 ms
2026-09-26 10:01:43.604 +05:30 [INF] HTTP OPTIONS /api/hostels/1/rooms responded 204 in 0.2431 ms
2026-09-26 10:01:43.621 +05:30 [INF] HTTP GET /api/hostels/1/tenants responded 200 in 16.4122 ms
2026-09-26 10:01:43.629 +05:30 [INF] HTTP GET /api/hostels/1/tenants responded 200 in 6.8336 ms
2026-09-26 10:01:43.699 +05:30 [INF] HTTP GET /api/hostels/1/rooms responded 200 in 80.6006 ms
2026-09-26 10:01:43.703 +05:30 [INF] HTTP GET /api/hostels/1/rooms responded 200 in 3.4525 ms
2026-09-26 10:01:54.433 +05:30 [INF] HTTP OPTIONS /api/auth/login responded 204 in 0.1549 ms
2026-09-26 10:01:54.533 +05:30 [INF] HTTP POST /api/auth/login responded 200 in 93.7842 ms
2026-09-26 10:01:54.545 +05:30 [INF] HTTP OPTIONS /api/hostels/1/bills responded 204 in 0.1832 ms
2026-09-26 10:01:54.546 +05:30 [INF] HTTP OPTIONS /api/hostels/1/tenants responded 204 in 0.1055 ms
2026-09-26 10:01:54.546 +05:30 [INF] HTTP OPTIONS /api/hostels/1/bills responded 204 in 0.1563 ms
2026-09-26 10:01:54.546 +05:30 [INF] HTTP OPTIONS /api/hostels/1/tenants responded 204 in 0.0475 ms
2026-09-26 10:01:54.555 +05:30 [INF] HTTP GET /api/hostels/1/bills responded 200 in 5.4530 ms
2026-09-26 10:01:54.556 +05:30 [INF] HTTP GET /api/hostels/1/tenants responded 200 in 5.5402 ms
2026-09-26 10:01:54.563 +05:30 [INF] HTTP GET /api/hostels/1/bills responded 200 in 6.2661 ms
2026-09-26 10:01:54.563 +05:30 [INF] HTTP GET /api/hostels/1/tenants responded 200 in 4.6031 ms
2026-09-26 10:01:58.467 +05:30 [INF] HTTP OPTIONS /api/hostels/1/rooms responded 204 in 0.5195 ms
2026-09-26 10:01:58.467 +05:30 [INF] HTTP OPTIONS /api/hostels/1/rooms responded 204 in 0.5198 ms
2026-09-26 10:01:58.475 +05:30 [INF] HTTP GET /api/hostels/1/tenants responded 200 in 7.8131 ms
2026-09-26 10:01:58.476 +05:30 [INF] HTTP GET /api/hostels/1/rooms responded 200 in 3.7023 ms
2026-09-26 10:01:58.481 +05:30 [INF] HTTP GET /api/hostels/1/rooms responded 200 in 3.3118 ms
2026-09-26 10:01:58.481 +05:30 [INF] HTTP GET /api/hostels/1/tenants responded 200 in 4.8274 ms
2026-09-26 10:02:13.298 +05:30 [INF] HTTP OPTIONS /api/hostels/1/tenants/4 responded 204 in 0.8022 ms
2026-09-26 10:02:13.510 +05:30 [INF] Updated tenant 4 for hostel 1
2026-09-26 10:02:13.521 +05:30 [INF] HTTP PUT /api/hostels/1/tenants/4 responded 204 in 217.4688 ms
2026-09-26 10:02:13.527 +05:30 [INF] HTTP OPTIONS /api/hostels/1/tenants responded 204 in 0.1446 ms
2026-09-26 10:02:13.527 +05:30 [INF] HTTP OPTIONS /api/hostels/1/rooms responded 204 in 0.0500 ms
2026-09-26 10:02:13.538 +05:30 [INF] HTTP GET /api/hostels/1/tenants responded 200 in 6.1805 ms
2026-09-26 10:02:13.541 +05:30 [INF] HTTP GET /api/hostels/1/rooms responded 200 in 3.9166 ms
2026-09-26 10:04:09.147 +05:30 [INF] Application is shutting down...
2026-09-26 10:04:27.655 +05:30 [INF] Now listening on: http://localhost:5204
2026-09-26 10:04:27.693 +05:30 [INF] Application started. Press Ctrl+C to shut down.
2026-09-26 10:04:27.695 +05:30 [INF] Hosting environment: Development
2026-09-26 10:04:27.696 +05:30 [INF] Content root path: C:\HostelManagementApp\HostelManagement.Api
2026-09-26 10:04:40.535 +05:30 [WRN] Failed to determine the https port for redirect.
2026-09-26 10:04:40.589 +05:30 [INF] HTTP OPTIONS /api/auth/login responded 204 in 77.6223 ms
2026-09-26 10:04:42.084 +05:30 [INF] HTTP POST /api/auth/login responded 200 in 1470.4651 ms
2026-09-26 10:04:42.111 +05:30 [INF] HTTP OPTIONS /api/hostels/1/tenants responded 204 in 0.1776 ms
2026-09-26 10:04:42.111 +05:30 [INF] HTTP OPTIONS /api/hostels/1/bills responded 204 in 3.3259 ms
2026-09-26 10:04:42.114 +05:30 [INF] HTTP OPTIONS /api/hostels/1/bills responded 204 in 2.7263 ms
2026-09-26 10:04:42.114 +05:30 [INF] HTTP OPTIONS /api/hostels/1/tenants responded 204 in 1.8805 ms
2026-09-26 10:04:42.400 +05:30 [INF] HTTP GET /api/hostels/1/bills responded 200 in 279.5874 ms
2026-09-26 10:04:42.410 +05:30 [INF] HTTP GET /api/hostels/1/tenants responded 200 in 290.7123 ms
2026-09-26 10:04:42.423 +05:30 [INF] HTTP GET /api/hostels/1/tenants responded 200 in 11.5484 ms
2026-09-26 10:04:42.503 +05:30 [INF] HTTP GET /api/hostels/1/bills responded 200 in 101.3767 ms
2026-09-26 10:04:47.233 +05:30 [INF] HTTP OPTIONS /api/hostels/1/tenants responded 204 in 0.0755 ms
2026-09-26 10:04:47.233 +05:30 [INF] HTTP OPTIONS /api/hostels/1/rooms responded 204 in 0.2053 ms
2026-09-26 10:04:47.233 +05:30 [INF] HTTP OPTIONS /api/hostels/1/rooms responded 204 in 0.6734 ms
2026-09-26 10:04:47.233 +05:30 [INF] HTTP OPTIONS /api/hostels/1/tenants responded 204 in 1.0121 ms
2026-09-26 10:04:47.255 +05:30 [INF] HTTP GET /api/hostels/1/tenants responded 200 in 16.6537 ms
2026-09-26 10:04:47.265 +05:30 [INF] HTTP GET /api/hostels/1/tenants responded 200 in 8.4607 ms
2026-09-26 10:04:47.289 +05:30 [INF] HTTP GET /api/hostels/1/rooms responded 200 in 48.0444 ms
2026-09-26 10:04:47.298 +05:30 [INF] HTTP GET /api/hostels/1/rooms responded 200 in 7.4439 ms
2026-09-26 10:07:02.502 +05:30 [INF] HTTP OPTIONS /api/auth/login responded 204 in 17.1074 ms
2026-09-26 10:07:02.724 +05:30 [INF] HTTP POST /api/auth/login responded 200 in 209.1150 ms
2026-09-26 10:07:02.743 +05:30 [INF] HTTP OPTIONS /api/hostels/1/bills responded 204 in 0.7507 ms
2026-09-26 10:07:02.744 +05:30 [INF] HTTP OPTIONS /api/hostels/1/tenants responded 204 in 0.3070 ms
2026-09-26 10:07:02.747 +05:30 [INF] HTTP OPTIONS /api/hostels/1/bills responded 204 in 0.2210 ms
2026-09-26 10:07:02.747 +05:30 [INF] HTTP OPTIONS /api/hostels/1/tenants responded 204 in 0.1691 ms
2026-09-26 10:07:02.780 +05:30 [INF] HTTP GET /api/hostels/1/bills responded 200 in 27.6326 ms
2026-09-26 10:07:02.783 +05:30 [INF] HTTP GET /api/hostels/1/tenants responded 200 in 23.7558 ms
2026-09-26 10:07:02.790 +05:30 [INF] HTTP GET /api/hostels/1/bills responded 200 in 8.5711 ms
2026-09-26 10:07:02.790 +05:30 [INF] HTTP GET /api/hostels/1/tenants responded 200 in 6.0799 ms
2026-09-26 10:07:21.479 +05:30 [INF] HTTP OPTIONS /api/hostels/1/tenants responded 204 in 0.1663 ms
2026-09-26 10:07:21.479 +05:30 [INF] HTTP OPTIONS /api/hostels/1/rooms responded 204 in 0.1663 ms
2026-09-26 10:07:21.479 +05:30 [INF] HTTP OPTIONS /api/hostels/1/tenants responded 204 in 0.3017 ms
2026-09-26 10:07:21.479 +05:30 [INF] HTTP OPTIONS /api/hostels/1/rooms responded 204 in 0.0648 ms
2026-09-26 10:07:22.045 +05:30 [INF] HTTP GET /api/hostels/1/tenants responded 200 in 239.9474 ms
2026-09-26 10:07:22.051 +05:30 [INF] HTTP GET /api/hostels/1/tenants responded 200 in 4.0483 ms
2026-09-26 10:07:22.381 +05:30 [INF] HTTP GET /api/hostels/1/rooms responded 200 in 493.2567 ms
2026-09-26 10:07:22.886 +05:30 [INF] HTTP GET /api/hostels/1/rooms responded 200 in 3.4517 ms
2026-09-26 10:07:26.752 +05:30 [INF] HTTP OPTIONS /api/hostels/1/rooms responded 204 in 0.2840 ms
2026-09-26 10:07:26.752 +05:30 [INF] HTTP OPTIONS /api/hostels/1/rooms responded 204 in 0.0478 ms
2026-09-26 10:07:26.906 +05:30 [INF] HTTP GET /api/hostels/1/rooms responded 200 in 76.1609 ms
2026-09-26 10:07:27.010 +05:30 [INF] HTTP GET /api/hostels/1/rooms responded 200 in 13.3044 ms
2026-09-26 10:07:29.357 +05:30 [INF] HTTP OPTIONS /api/hostels/1/complaints responded 204 in 0.4356 ms
2026-09-26 10:07:29.358 +05:30 [INF] HTTP OPTIONS /api/hostels/1/complaints responded 204 in 0.2521 ms
2026-09-26 10:07:29.358 +05:30 [INF] HTTP OPTIONS /api/hostels/1/tenants responded 204 in 0.2121 ms
2026-09-26 10:07:29.528 +05:30 [INF] HTTP OPTIONS /api/hostels/1/tenants responded 204 in 0.2483 ms
2026-09-26 10:07:29.792 +05:30 [INF] HTTP GET /api/hostels/1/tenants responded 200 in 259.5368 ms
2026-09-26 10:07:29.798 +05:30 [INF] HTTP GET /api/hostels/1/tenants responded 200 in 3.7257 ms
2026-09-26 10:07:32.475 +05:30 [INF] HTTP GET /api/hostels/1/complaints responded 200 in 2862.5974 ms
2026-09-26 10:07:32.548 +05:30 [INF] HTTP GET /api/hostels/1/complaints responded 200 in 70.6539 ms
2026-09-26 10:07:36.285 +05:30 [INF] HTTP OPTIONS /api/hostels/1/tenants responded 204 in 0.3308 ms
2026-09-26 10:07:36.285 +05:30 [INF] HTTP OPTIONS /api/hostels/1/attendance responded 204 in 0.0228 ms
2026-09-26 10:07:36.285 +05:30 [INF] HTTP OPTIONS /api/hostels/1/tenants responded 204 in 0.1073 ms
2026-09-26 10:07:36.285 +05:30 [INF] HTTP OPTIONS /api/hostels/1/attendance responded 204 in 0.1091 ms
2026-09-26 10:07:36.427 +05:30 [INF] HTTP GET /api/hostels/1/tenants responded 200 in 69.4045 ms
2026-09-26 10:07:36.576 +05:30 [INF] HTTP GET /api/hostels/1/tenants responded 200 in 146.8107 ms
2026-09-26 10:07:37.789 +05:30 [INF] HTTP GET /api/hostels/1/attendance responded 200 in 1361.2490 ms
2026-09-26 10:07:38.123 +05:30 [INF] HTTP GET /api/hostels/1/attendance responded 200 in 249.6654 ms
2026-09-26 10:07:38.231 +05:30 [INF] HTTP GET /api/hostels/1/tenants responded 200 in 37.6268 ms
2026-09-26 10:07:38.235 +05:30 [INF] HTTP GET /api/hostels/1/tenants responded 200 in 2.6951 ms
2026-09-26 10:07:38.475 +05:30 [INF] HTTP OPTIONS /api/hostels/1/tenants/4/notifications responded 204 in 1.1861 ms
2026-09-26 10:07:39.470 +05:30 [INF] HTTP GET /api/hostels/1/tenants/4/notifications responded 200 in 987.3056 ms
2026-09-26 10:07:39.773 +05:30 [INF] HTTP OPTIONS /api/hostels/1/reports/summary responded 204 in 0.7163 ms
2026-09-26 10:07:39.773 +05:30 [INF] HTTP OPTIONS /api/hostels/1/reports/summary responded 204 in 1.1610 ms
2026-09-26 10:07:40.589 +05:30 [INF] HTTP GET /api/hostels/1/reports/summary responded 200 in 806.9254 ms
2026-09-26 10:07:40.611 +05:30 [INF] HTTP GET /api/hostels/1/reports/summary responded 200 in 21.1599 ms
2026-09-26 10:07:42.562 +05:30 [INF] HTTP OPTIONS /api/hostels/1/reminders responded 204 in 0.0994 ms
2026-09-26 10:07:42.563 +05:30 [INF] HTTP OPTIONS /api/hostels/1/bills responded 204 in 0.0709 ms
2026-09-26 10:07:42.563 +05:30 [INF] HTTP OPTIONS /api/hostels/1/bills responded 204 in 0.0505 ms
2026-09-26 10:07:42.563 +05:30 [INF] HTTP OPTIONS /api/hostels/1/reminders responded 204 in 0.0709 ms
2026-09-26 10:07:42.577 +05:30 [INF] HTTP GET /api/hostels/1/bills responded 200 in 7.4878 ms
2026-09-26 10:07:42.582 +05:30 [INF] HTTP GET /api/hostels/1/bills responded 200 in 3.8468 ms
2026-09-26 10:07:42.601 +05:30 [INF] HTTP GET /api/hostels/1/reminders responded 200 in 32.8577 ms
2026-09-26 10:07:42.606 +05:30 [INF] HTTP GET /api/hostels/1/reminders responded 200 in 3.4933 ms
2026-09-26 10:07:44.689 +05:30 [INF] HTTP OPTIONS /api/hostels/1/settings responded 204 in 0.1663 ms
2026-09-26 10:07:44.689 +05:30 [INF] HTTP OPTIONS /api/hostels/1/settings responded 204 in 0.2870 ms
2026-09-26 10:07:44.802 +05:30 [INF] HTTP GET /api/hostels/1/settings responded 200 in 101.9245 ms
2026-09-26 10:07:44.810 +05:30 [INF] HTTP GET /api/hostels/1/settings responded 200 in 5.8401 ms
2026-09-26 10:07:46.939 +05:30 [INF] HTTP OPTIONS /api/hostels/1/tenants responded 204 in 0.1102 ms
2026-09-26 10:07:46.939 +05:30 [INF] HTTP OPTIONS /api/hostels/1/tenants responded 204 in 0.0510 ms
2026-09-26 10:07:46.943 +05:30 [INF] HTTP GET /api/hostels/1/bills responded 200 in 3.9533 ms
2026-09-26 10:07:46.948 +05:30 [INF] HTTP GET /api/hostels/1/tenants responded 200 in 4.4642 ms
2026-09-26 10:07:46.950 +05:30 [INF] HTTP GET /api/hostels/1/bills responded 200 in 4.5084 ms
2026-09-26 10:07:46.955 +05:30 [INF] HTTP GET /api/hostels/1/tenants responded 200 in 4.4918 ms
2026-09-26 10:09:24.853 +05:30 [INF] HTTP OPTIONS /api/auth/login responded 204 in 1.4456 ms
2026-09-26 10:09:25.467 +05:30 [INF] HTTP POST /api/auth/login responded 200 in 609.5970 ms
2026-09-26 10:09:25.485 +05:30 [INF] HTTP OPTIONS /api/hostels/1/bills responded 204 in 0.3284 ms
2026-09-26 10:09:25.493 +05:30 [INF] HTTP OPTIONS /api/hostels/1/tenants responded 204 in 2.1000 ms
2026-09-26 10:09:25.497 +05:30 [INF] HTTP OPTIONS /api/hostels/1/bills responded 204 in 0.2661 ms
2026-09-26 10:09:25.501 +05:30 [INF] HTTP OPTIONS /api/hostels/1/tenants responded 204 in 0.2328 ms
2026-09-26 10:09:25.825 +05:30 [INF] HTTP GET /api/hostels/1/tenants responded 200 in 5.9610 ms
2026-09-26 10:09:25.825 +05:30 [INF] HTTP GET /api/hostels/1/bills responded 200 in 7.8643 ms
2026-09-26 10:09:25.834 +05:30 [INF] HTTP GET /api/hostels/1/tenants responded 200 in 6.5913 ms
2026-09-26 10:09:25.834 +05:30 [INF] HTTP GET /api/hostels/1/bills responded 200 in 6.7062 ms
2026-09-26 10:09:30.946 +05:30 [INF] HTTP OPTIONS /api/hostels/1/tenants responded 204 in 0.1449 ms
2026-09-26 10:09:30.948 +05:30 [INF] HTTP OPTIONS /api/hostels/1/tenants responded 204 in 0.0306 ms
2026-09-26 10:09:30.948 +05:30 [INF] HTTP OPTIONS /api/hostels/1/rooms responded 204 in 0.1857 ms
2026-09-26 10:09:30.948 +05:30 [INF] HTTP OPTIONS /api/hostels/1/rooms responded 204 in 0.0302 ms
2026-09-26 10:09:31.547 +05:30 [INF] HTTP GET /api/hostels/1/rooms responded 200 in 450.5561 ms
2026-09-26 10:09:31.549 +05:30 [INF] HTTP GET /api/hostels/1/tenants responded 200 in 598.0522 ms
2026-09-26 10:09:31.553 +05:30 [INF] HTTP GET /api/hostels/1/rooms responded 200 in 3.7278 ms
2026-09-26 10:09:31.556 +05:30 [INF] HTTP GET /api/hostels/1/tenants responded 200 in 5.1703 ms
2026-09-26 10:09:34.118 +05:30 [INF] HTTP GET /api/hostels/1/rooms responded 200 in 3.9544 ms
2026-09-26 10:09:34.123 +05:30 [INF] HTTP GET /api/hostels/1/rooms responded 200 in 3.6908 ms
2026-09-26 10:09:36.769 +05:30 [INF] HTTP OPTIONS /api/hostels/1/complaints responded 204 in 0.0603 ms
2026-09-26 10:09:36.770 +05:30 [INF] HTTP OPTIONS /api/hostels/1/complaints responded 204 in 0.0163 ms
2026-09-26 10:09:36.770 +05:30 [INF] HTTP OPTIONS /api/hostels/1/tenants responded 204 in 0.0594 ms
2026-09-26 10:09:36.770 +05:30 [INF] HTTP OPTIONS /api/hostels/1/tenants responded 204 in 0.0102 ms
2026-09-26 10:09:36.783 +05:30 [INF] HTTP GET /api/hostels/1/tenants responded 200 in 4.8582 ms
2026-09-26 10:09:36.788 +05:30 [INF] HTTP GET /api/hostels/1/tenants responded 200 in 3.5506 ms
2026-09-26 10:09:36.789 +05:30 [INF] HTTP GET /api/hostels/1/complaints responded 200 in 12.8027 ms
2026-09-26 10:09:36.797 +05:30 [INF] HTTP GET /api/hostels/1/complaints responded 200 in 7.3725 ms
2026-09-26 10:09:40.137 +05:30 [INF] HTTP OPTIONS /api/hostels/1/attendance responded 204 in 0.0874 ms
2026-09-26 10:09:40.137 +05:30 [INF] HTTP OPTIONS /api/hostels/1/attendance responded 204 in 0.0855 ms
2026-09-26 10:09:40.142 +05:30 [INF] HTTP GET /api/hostels/1/tenants responded 200 in 4.4149 ms
2026-09-26 10:09:40.182 +05:30 [INF] HTTP GET /api/hostels/1/tenants responded 200 in 9.4208 ms
2026-09-26 10:09:40.259 +05:30 [INF] HTTP GET /api/hostels/1/attendance responded 200 in 5.5995 ms
2026-09-26 10:09:40.344 +05:30 [INF] HTTP GET /api/hostels/1/attendance responded 200 in 5.6437 ms
2026-09-26 10:09:42.321 +05:30 [INF] HTTP OPTIONS /api/hostels/1/tenants responded 204 in 0.1287 ms
2026-09-26 10:09:42.321 +05:30 [INF] HTTP OPTIONS /api/hostels/1/tenants responded 204 in 0.0582 ms
2026-09-26 10:09:42.329 +05:30 [INF] HTTP GET /api/hostels/1/tenants responded 200 in 3.2043 ms
2026-09-26 10:09:42.336 +05:30 [INF] HTTP GET /api/hostels/1/tenants responded 200 in 5.9299 ms
2026-09-26 10:09:42.346 +05:30 [INF] HTTP OPTIONS /api/hostels/1/tenants/4/notifications responded 204 in 0.1242 ms
2026-09-26 10:09:42.368 +05:30 [INF] HTTP GET /api/hostels/1/tenants/4/notifications responded 200 in 9.8069 ms
2026-09-26 10:09:43.921 +05:30 [INF] HTTP OPTIONS /api/hostels/1/reports/summary responded 204 in 0.0562 ms
2026-09-26 10:09:43.921 +05:30 [INF] HTTP OPTIONS /api/hostels/1/reports/summary responded 204 in 0.0620 ms
2026-09-26 10:09:43.993 +05:30 [INF] HTTP GET /api/hostels/1/reports/summary responded 200 in 26.2939 ms
2026-09-26 10:09:44.004 +05:30 [INF] HTTP GET /api/hostels/1/reports/summary responded 200 in 9.6561 ms
2026-09-26 10:09:44.729 +05:30 [INF] HTTP OPTIONS /api/hostels/1/reminders responded 204 in 0.0598 ms
2026-09-26 10:09:44.730 +05:30 [INF] HTTP OPTIONS /api/hostels/1/bills responded 204 in 0.0555 ms
2026-09-26 10:09:44.730 +05:30 [INF] HTTP OPTIONS /api/hostels/1/reminders responded 204 in 0.0250 ms
2026-09-26 10:09:44.730 +05:30 [INF] HTTP OPTIONS /api/hostels/1/bills responded 204 in 0.0149 ms
2026-09-26 10:09:44.805 +05:30 [INF] HTTP GET /api/hostels/1/bills responded 200 in 69.5544 ms
2026-09-26 10:09:44.806 +05:30 [INF] HTTP GET /api/hostels/1/reminders responded 200 in 72.1222 ms
2026-09-26 10:09:44.810 +05:30 [INF] HTTP GET /api/hostels/1/bills responded 200 in 3.5758 ms
2026-09-26 10:09:44.812 +05:30 [INF] HTTP GET /api/hostels/1/reminders responded 200 in 5.0046 ms
2026-09-26 10:10:44.049 +05:30 [INF] HTTP OPTIONS /api/auth/login responded 204 in 0.1040 ms
2026-09-26 10:10:44.155 +05:30 [INF] HTTP POST /api/auth/login responded 200 in 100.7751 ms
2026-09-26 10:10:44.172 +05:30 [INF] HTTP OPTIONS /api/hostels/1/bills responded 204 in 0.1449 ms
2026-09-26 10:10:44.172 +05:30 [INF] HTTP OPTIONS /api/hostels/1/tenants responded 204 in 0.0660 ms
2026-09-26 10:10:44.173 +05:30 [INF] HTTP OPTIONS /api/hostels/1/bills responded 204 in 0.0746 ms
2026-09-26 10:10:44.175 +05:30 [INF] HTTP OPTIONS /api/hostels/1/tenants responded 204 in 0.5993 ms
2026-09-26 10:10:44.186 +05:30 [INF] HTTP GET /api/hostels/1/bills responded 200 in 5.1572 ms
2026-09-26 10:10:44.186 +05:30 [INF] HTTP GET /api/hostels/1/tenants responded 200 in 2.3785 ms
2026-09-26 10:10:44.193 +05:30 [INF] HTTP GET /api/hostels/1/tenants responded 200 in 4.1401 ms
2026-09-26 10:10:44.193 +05:30 [INF] HTTP GET /api/hostels/1/bills responded 200 in 3.2416 ms
2026-09-26 10:10:48.042 +05:30 [INF] HTTP OPTIONS /api/hostels/1/rooms responded 204 in 0.1244 ms
2026-09-26 10:10:48.042 +05:30 [INF] HTTP OPTIONS /api/hostels/1/rooms responded 204 in 0.1103 ms
2026-09-26 10:10:48.047 +05:30 [INF] HTTP GET /api/hostels/1/tenants responded 200 in 3.7644 ms
2026-09-26 10:10:48.051 +05:30 [INF] HTTP GET /api/hostels/1/rooms responded 200 in 1.6572 ms
2026-09-26 10:10:48.051 +05:30 [INF] HTTP GET /api/hostels/1/tenants responded 200 in 1.5984 ms
2026-09-26 10:10:48.055 +05:30 [INF] HTTP GET /api/hostels/1/rooms responded 200 in 2.4194 ms
2026-09-26 10:10:51.778 +05:30 [INF] HTTP GET /api/hostels/1/rooms responded 200 in 1.4519 ms
2026-09-26 10:10:51.781 +05:30 [INF] HTTP GET /api/hostels/1/rooms responded 200 in 1.3289 ms
2026-09-26 10:13:47.925 +05:30 [INF] HTTP OPTIONS /api/auth/login responded 204 in 3.8262 ms
2026-09-26 10:13:48.140 +05:30 [INF] HTTP POST /api/auth/login responded 200 in 208.3430 ms
2026-09-26 10:13:48.157 +05:30 [INF] HTTP OPTIONS /api/hostels/1/reports/summary responded 204 in 0.1664 ms
2026-09-26 10:13:48.159 +05:30 [INF] HTTP OPTIONS /api/hostels/1/reports/summary responded 204 in 0.0777 ms
2026-09-26 10:13:48.219 +05:30 [INF] HTTP GET /api/hostels/1/reports/summary responded 200 in 57.1706 ms
2026-09-26 10:13:48.234 +05:30 [INF] HTTP GET /api/hostels/1/reports/summary responded 200 in 13.8019 ms
2026-09-26 10:13:56.140 +05:30 [INF] HTTP OPTIONS /api/hostels/1/tenants responded 204 in 0.2483 ms
2026-09-26 10:13:56.142 +05:30 [INF] HTTP OPTIONS /api/hostels/1/rooms responded 204 in 0.0612 ms
2026-09-26 10:13:56.220 +05:30 [INF] HTTP OPTIONS /api/hostels/1/tenants responded 204 in 0.1030 ms
2026-09-26 10:13:56.386 +05:30 [INF] HTTP OPTIONS /api/hostels/1/rooms responded 204 in 0.1612 ms
2026-09-26 10:13:56.785 +05:30 [INF] HTTP GET /api/hostels/1/tenants responded 200 in 328.6323 ms
2026-09-26 10:13:56.786 +05:30 [INF] HTTP GET /api/hostels/1/rooms responded 200 in 329.8155 ms
2026-09-26 10:13:56.790 +05:30 [INF] HTTP GET /api/hostels/1/tenants responded 200 in 3.6050 ms
2026-09-26 10:13:56.875 +05:30 [INF] HTTP GET /api/hostels/1/rooms responded 200 in 3.1767 ms
2026-09-26 10:13:58.803 +05:30 [INF] HTTP OPTIONS /api/hostels/1/reports/summary responded 204 in 0.0649 ms
2026-09-26 10:13:58.803 +05:30 [INF] HTTP OPTIONS /api/hostels/1/reports/summary responded 204 in 0.0267 ms
2026-09-26 10:13:58.854 +05:30 [INF] HTTP GET /api/hostels/1/reports/summary responded 200 in 47.8038 ms
2026-09-26 10:13:58.924 +05:30 [INF] HTTP GET /api/hostels/1/reports/summary responded 200 in 69.0237 ms
2026-09-26 10:18:00.622 +05:30 [INF] HTTP OPTIONS /api/auth/login responded 204 in 1.3174 ms
2026-09-26 10:18:00.774 +05:30 [INF] HTTP POST /api/auth/login responded 200 in 147.9865 ms
2026-09-26 10:18:00.790 +05:30 [INF] HTTP OPTIONS /api/hostels/1/reports/summary responded 204 in 0.3788 ms
2026-09-26 10:18:00.794 +05:30 [INF] HTTP OPTIONS /api/hostels/1/reports/summary responded 204 in 0.0996 ms
2026-09-26 10:18:00.831 +05:30 [INF] HTTP GET /api/hostels/1/reports/summary responded 200 in 34.2988 ms
2026-09-26 10:18:00.843 +05:30 [INF] HTTP GET /api/hostels/1/reports/summary responded 200 in 10.2019 ms
2026-09-26 10:18:01.803 +05:30 [INF] HTTP OPTIONS /api/hostels/1/tenants responded 204 in 0.0483 ms
2026-09-26 10:18:01.805 +05:30 [INF] HTTP OPTIONS /api/hostels/1/rooms responded 204 in 0.0553 ms
2026-09-26 10:18:01.805 +05:30 [INF] HTTP OPTIONS /api/hostels/1/tenants responded 204 in 0.0404 ms
2026-09-26 10:18:01.806 +05:30 [INF] HTTP OPTIONS /api/hostels/1/rooms responded 204 in 0.0605 ms
2026-09-26 10:18:01.810 +05:30 [INF] HTTP GET /api/hostels/1/tenants responded 200 in 3.1958 ms
2026-09-26 10:18:01.812 +05:30 [INF] HTTP GET /api/hostels/1/rooms responded 200 in 2.5461 ms
2026-09-26 10:18:01.827 +05:30 [INF] HTTP GET /api/hostels/1/tenants responded 200 in 2.4315 ms
2026-09-26 10:18:01.882 +05:30 [INF] HTTP GET /api/hostels/1/rooms responded 200 in 56.0040 ms
2026-09-26 10:18:04.969 +05:30 [INF] HTTP OPTIONS /api/hostels/1/tenants/1 responded 204 in 0.0775 ms
2026-09-26 10:18:05.076 +05:30 [INF] HTTP GET /api/hostels/1/tenants/1 responded 200 in 103.2248 ms
2026-09-26 10:21:25.654 +05:30 [INF] HTTP OPTIONS /api/auth/login responded 204 in 10.2616 ms
2026-09-26 10:21:25.888 +05:30 [INF] HTTP POST /api/auth/login responded 200 in 220.1638 ms
2026-09-26 10:21:25.896 +05:30 [INF] HTTP OPTIONS /api/hostels/1/reports/summary responded 204 in 0.3345 ms
2026-09-26 10:21:25.898 +05:30 [INF] HTTP OPTIONS /api/hostels/1/reports/summary responded 204 in 0.0520 ms
2026-09-26 10:21:25.945 +05:30 [INF] HTTP GET /api/hostels/1/reports/summary responded 200 in 45.9718 ms
2026-09-26 10:21:25.954 +05:30 [INF] HTTP GET /api/hostels/1/reports/summary responded 200 in 7.9542 ms
2026-09-26 10:31:17.278 +05:30 [INF] HTTP OPTIONS /api/auth/login responded 204 in 1.9321 ms
2026-09-26 10:31:17.445 +05:30 [INF] HTTP POST /api/auth/login responded 200 in 157.6292 ms
2026-09-26 10:31:17.458 +05:30 [INF] HTTP OPTIONS /api/hostels/1/reports/summary responded 204 in 0.1263 ms
2026-09-26 10:31:17.460 +05:30 [INF] HTTP OPTIONS /api/hostels/1/reports/summary responded 204 in 0.0673 ms
2026-09-26 10:31:17.497 +05:30 [INF] HTTP GET /api/hostels/1/reports/summary responded 200 in 34.4091 ms
2026-09-26 10:31:17.512 +05:30 [INF] HTTP GET /api/hostels/1/reports/summary responded 200 in 13.7845 ms
2026-09-26 10:31:20.578 +05:30 [INF] HTTP OPTIONS /api/hostels/1/tenants responded 204 in 0.4889 ms
2026-09-26 10:31:20.579 +05:30 [INF] HTTP OPTIONS /api/hostels/1/rooms responded 204 in 0.0672 ms
2026-09-26 10:31:20.580 +05:30 [INF] HTTP OPTIONS /api/hostels/1/tenants responded 204 in 0.0383 ms
2026-09-26 10:31:20.580 +05:30 [INF] HTTP OPTIONS /api/hostels/1/rooms responded 204 in 0.0218 ms
2026-09-26 10:31:20.600 +05:30 [INF] HTTP GET /api/hostels/1/tenants responded 200 in 17.9935 ms
2026-09-26 10:31:20.607 +05:30 [INF] HTTP GET /api/hostels/1/tenants responded 200 in 3.3137 ms
2026-09-26 10:31:20.697 +05:30 [INF] HTTP GET /api/hostels/1/rooms responded 200 in 108.6726 ms
2026-09-26 10:31:20.700 +05:30 [INF] HTTP GET /api/hostels/1/rooms responded 200 in 1.6987 ms
2026-09-26 10:31:23.830 +05:30 [INF] HTTP OPTIONS /api/hostels/1/reports/summary responded 204 in 0.1816 ms
2026-09-26 10:31:23.830 +05:30 [INF] HTTP OPTIONS /api/hostels/1/reports/summary responded 204 in 0.1143 ms
2026-09-26 10:31:23.862 +05:30 [INF] HTTP GET /api/hostels/1/reports/summary responded 200 in 24.8307 ms
2026-09-26 10:31:23.879 +05:30 [INF] HTTP GET /api/hostels/1/reports/summary responded 200 in 15.2341 ms
2026-09-26 10:31:25.950 +05:30 [INF] HTTP OPTIONS /api/hostels/1/rooms responded 204 in 0.0488 ms
2026-09-26 10:31:25.950 +05:30 [INF] HTTP OPTIONS /api/hostels/1/rooms responded 204 in 0.0235 ms
2026-09-26 10:31:25.958 +05:30 [INF] HTTP GET /api/hostels/1/rooms responded 200 in 2.6951 ms
2026-09-26 10:31:25.960 +05:30 [INF] HTTP GET /api/hostels/1/rooms responded 200 in 1.5770 ms
2026-09-26 10:31:28.342 +05:30 [INF] HTTP GET /api/hostels/1/reports/summary responded 200 in 13.7369 ms
2026-09-26 10:31:28.354 +05:30 [INF] HTTP GET /api/hostels/1/reports/summary responded 200 in 11.3902 ms
2026-09-26 10:31:29.883 +05:30 [INF] HTTP OPTIONS /api/hostels/1/bills responded 204 in 0.0555 ms
2026-09-26 10:31:29.883 +05:30 [INF] HTTP OPTIONS /api/hostels/1/tenants responded 204 in 0.0598 ms
2026-09-26 10:31:29.883 +05:30 [INF] HTTP OPTIONS /api/hostels/1/bills responded 204 in 0.0280 ms
2026-09-26 10:31:29.883 +05:30 [INF] HTTP OPTIONS /api/hostels/1/tenants responded 204 in 0.0164 ms
2026-09-26 10:31:29.894 +05:30 [INF] HTTP GET /api/hostels/1/tenants responded 200 in 4.6341 ms
2026-09-26 10:31:29.904 +05:30 [INF] HTTP GET /api/hostels/1/tenants responded 200 in 7.7315 ms
2026-09-26 10:31:29.969 +05:30 [INF] HTTP GET /api/hostels/1/bills responded 200 in 81.5190 ms
2026-09-26 10:31:29.974 +05:30 [INF] HTTP GET /api/hostels/1/bills responded 200 in 2.8023 ms
2026-09-26 10:31:33.592 +05:30 [INF] HTTP OPTIONS /api/hostels/1/reports/summary responded 204 in 0.0562 ms
2026-09-26 10:31:33.593 +05:30 [INF] HTTP OPTIONS /api/hostels/1/reports/summary responded 204 in 0.0417 ms
2026-09-26 10:31:33.612 +05:30 [INF] HTTP GET /api/hostels/1/reports/summary responded 200 in 14.8683 ms
2026-09-26 10:31:33.631 +05:30 [INF] HTTP GET /api/hostels/1/reports/summary responded 200 in 16.6971 ms
2026-09-26 10:31:34.823 +05:30 [INF] HTTP OPTIONS /api/hostels/1/complaints responded 204 in 0.0851 ms
2026-09-26 10:31:34.824 +05:30 [INF] HTTP OPTIONS /api/hostels/1/complaints responded 204 in 0.0397 ms
2026-09-26 10:31:34.898 +05:30 [INF] HTTP GET /api/hostels/1/tenants responded 200 in 74.0333 ms
2026-09-26 10:31:34.979 +05:30 [INF] HTTP GET /api/hostels/1/tenants responded 200 in 3.7628 ms
2026-09-26 10:31:36.632 +05:30 [INF] HTTP GET /api/hostels/1/complaints responded 200 in 1657.1728 ms
2026-09-26 10:31:36.638 +05:30 [INF] HTTP GET /api/hostels/1/complaints responded 200 in 4.4524 ms
2026-09-26 10:31:39.567 +05:30 [INF] HTTP OPTIONS /api/hostels/1/reports/summary responded 204 in 0.1035 ms
2026-09-26 10:31:39.568 +05:30 [INF] HTTP OPTIONS /api/hostels/1/reports/summary responded 204 in 0.0446 ms
2026-09-26 10:31:39.604 +05:30 [INF] HTTP GET /api/hostels/1/reports/summary responded 200 in 27.6475 ms
2026-09-26 10:31:39.630 +05:30 [INF] HTTP GET /api/hostels/1/reports/summary responded 200 in 22.9759 ms
2026-09-26 10:31:41.162 +05:30 [INF] HTTP GET /api/hostels/1/reports/summary responded 200 in 9.6327 ms
2026-09-26 10:31:41.171 +05:30 [INF] HTTP GET /api/hostels/1/reports/summary responded 200 in 6.9703 ms
2026-09-26 10:31:44.161 +05:30 [INF] HTTP GET /api/hostels/1/reports/summary responded 200 in 23.6563 ms
2026-09-26 10:31:44.171 +05:30 [INF] HTTP GET /api/hostels/1/reports/summary responded 200 in 8.5209 ms
2026-09-26 10:31:45.881 +05:30 [INF] HTTP OPTIONS /api/hostels/1/bills responded 204 in 0.0791 ms
2026-09-26 10:31:45.882 +05:30 [INF] HTTP OPTIONS /api/hostels/1/bills responded 204 in 0.0343 ms
2026-09-26 10:31:45.887 +05:30 [INF] HTTP GET /api/hostels/1/bills responded 200 in 1.8983 ms
2026-09-26 10:31:45.891 +05:30 [INF] HTTP GET /api/hostels/1/bills responded 200 in 2.5664 ms
2026-09-26 10:34:29.105 +05:30 [INF] Application is shutting down...
2026-09-26 10:34:44.936 +05:30 [INF] Now listening on: http://localhost:5204
2026-09-26 10:34:44.978 +05:30 [INF] Application started. Press Ctrl+C to shut down.
2026-09-26 10:34:44.979 +05:30 [INF] Hosting environment: Development
2026-09-26 10:34:44.980 +05:30 [INF] Content root path: C:\HostelManagementApp\HostelManagement.Api
2026-09-26 10:35:33.514 +05:30 [WRN] Failed to determine the https port for redirect.
2026-09-26 10:35:33.563 +05:30 [INF] HTTP OPTIONS /api/auth/hostels responded 204 in 69.7036 ms
2026-09-26 10:35:34.967 +05:30 [INF] HTTP POST /api/auth/hostels responded 200 in 1376.9422 ms
2026-09-26 10:35:37.410 +05:30 [INF] HTTP OPTIONS /api/auth/login responded 204 in 1.5182 ms
2026-09-26 10:35:37.940 +05:30 [INF] HTTP POST /api/auth/login responded 200 in 525.2766 ms
2026-09-26 10:35:37.955 +05:30 [INF] HTTP OPTIONS /api/hostels/1/reports/summary responded 204 in 1.0385 ms
2026-09-26 10:35:37.961 +05:30 [INF] HTTP OPTIONS /api/hostels/1/reports/summary responded 204 in 2.5837 ms
2026-09-26 10:35:38.413 +05:30 [INF] HTTP GET /api/hostels/1/reports/summary responded 200 in 451.1688 ms
2026-09-26 10:35:38.436 +05:30 [INF] HTTP GET /api/hostels/1/reports/summary responded 200 in 20.5466 ms
2026-09-26 10:35:41.787 +05:30 [INF] HTTP OPTIONS /api/hostels/1/tenants responded 204 in 0.3798 ms
2026-09-26 10:35:41.788 +05:30 [INF] HTTP OPTIONS /api/hostels/1/rooms responded 204 in 0.1470 ms
2026-09-26 10:35:41.789 +05:30 [INF] HTTP OPTIONS /api/hostels/1/rooms responded 204 in 0.0312 ms
2026-09-26 10:35:41.789 +05:30 [INF] HTTP OPTIONS /api/hostels/1/tenants responded 204 in 0.0759 ms
2026-09-26 10:35:41.838 +05:30 [INF] HTTP GET /api/hostels/1/tenants responded 200 in 44.9396 ms
2026-09-26 10:35:41.843 +05:30 [INF] HTTP GET /api/hostels/1/tenants responded 200 in 3.9469 ms
2026-09-26 10:35:41.900 +05:30 [INF] HTTP GET /api/hostels/1/rooms responded 200 in 107.5525 ms
2026-09-26 10:35:41.906 +05:30 [INF] HTTP GET /api/hostels/1/rooms responded 200 in 3.2212 ms
2026-09-26 10:35:44.310 +05:30 [INF] HTTP OPTIONS /api/hostels/1/reports/summary responded 204 in 0.1589 ms
2026-09-26 10:35:44.310 +05:30 [INF] HTTP OPTIONS /api/hostels/1/reports/summary responded 204 in 0.2264 ms
2026-09-26 10:35:44.334 +05:30 [INF] HTTP GET /api/hostels/1/reports/summary responded 200 in 19.5346 ms
2026-09-26 10:35:44.352 +05:30 [INF] HTTP GET /api/hostels/1/reports/summary responded 200 in 15.8994 ms
2026-09-26 10:37:37.239 +05:30 [INF] Application is shutting down...
2026-09-26 10:37:47.428 +05:30 [INF] Now listening on: http://localhost:5204
2026-09-26 10:37:47.471 +05:30 [INF] Application started. Press Ctrl+C to shut down.
2026-09-26 10:37:47.473 +05:30 [INF] Hosting environment: Development
2026-09-26 10:37:47.474 +05:30 [INF] Content root path: C:\HostelManagementApp\HostelManagement.Api
2026-09-26 10:38:33.759 +05:30 [WRN] Failed to determine the https port for redirect.
2026-09-26 10:38:33.803 +05:30 [INF] HTTP OPTIONS /api/auth/hostels responded 204 in 344.5936 ms
2026-09-26 10:38:41.499 +05:30 [INF] HTTP POST /api/auth/hostels responded 200 in 7351.4970 ms
2026-09-26 10:38:45.850 +05:30 [INF] HTTP OPTIONS /api/auth/login responded 204 in 1.6074 ms
2026-09-26 10:38:46.347 +05:30 [INF] HTTP POST /api/auth/login responded 200 in 492.1892 ms
2026-09-26 10:38:46.356 +05:30 [INF] HTTP OPTIONS /api/hostels/1/reports/summary responded 204 in 0.1994 ms
2026-09-26 10:38:46.359 +05:30 [INF] HTTP OPTIONS /api/hostels/1/reports/summary responded 204 in 1.6235 ms
2026-09-26 10:38:46.758 +05:30 [INF] HTTP GET /api/hostels/1/reports/summary responded 200 in 392.4578 ms
2026-09-26 10:38:46.783 +05:30 [INF] HTTP GET /api/hostels/1/reports/summary responded 200 in 23.1842 ms
2026-09-26 10:38:57.430 +05:30 [INF] HTTP OPTIONS /api/hostels/1/tenants responded 204 in 0.3301 ms
2026-09-26 10:38:57.431 +05:30 [INF] HTTP OPTIONS /api/hostels/1/rooms responded 204 in 0.1396 ms
2026-09-26 10:38:57.432 +05:30 [INF] HTTP OPTIONS /api/hostels/1/tenants responded 204 in 0.1664 ms
2026-09-26 10:38:57.432 +05:30 [INF] HTTP OPTIONS /api/hostels/1/rooms responded 204 in 0.0579 ms
2026-09-26 10:38:57.474 +05:30 [INF] HTTP GET /api/hostels/1/rooms responded 200 in 36.5512 ms
2026-09-26 10:38:57.479 +05:30 [INF] HTTP GET /api/hostels/1/rooms responded 200 in 3.4032 ms
2026-09-26 10:38:57.543 +05:30 [INF] HTTP GET /api/hostels/1/tenants responded 200 in 107.2322 ms
2026-09-26 10:38:57.550 +05:30 [INF] HTTP GET /api/hostels/1/tenants responded 200 in 4.3766 ms
2026-09-26 10:39:33.834 +05:30 [INF] HTTP OPTIONS /api/hostels/1/tenants responded 204 in 0.4099 ms
2026-09-26 10:39:34.208 +05:30 [INF] Created tenant 5 for hostel 1
2026-09-26 10:39:34.246 +05:30 [INF] HTTP POST /api/hostels/1/tenants responded 201 in 405.0906 ms
2026-09-26 10:39:34.250 +05:30 [INF] HTTP OPTIONS /api/hostels/1/rooms responded 204 in 0.1116 ms
2026-09-26 10:39:34.254 +05:30 [INF] HTTP GET /api/hostels/1/tenants responded 200 in 3.5832 ms
2026-09-26 10:39:34.259 +05:30 [INF] HTTP GET /api/hostels/1/rooms responded 200 in 5.4123 ms
2026-09-26 10:39:43.548 +05:30 [INF] HTTP OPTIONS /api/hostels/1/reports/summary responded 204 in 0.3058 ms
2026-09-26 10:39:43.548 +05:30 [INF] HTTP OPTIONS /api/hostels/1/reports/summary responded 204 in 0.3062 ms
2026-09-26 10:39:43.570 +05:30 [INF] HTTP GET /api/hostels/1/reports/summary responded 200 in 16.6326 ms
2026-09-26 10:39:43.587 +05:30 [INF] HTTP GET /api/hostels/1/reports/summary responded 200 in 13.8530 ms
2026-09-26 10:39:48.204 +05:30 [INF] HTTP OPTIONS /api/hostels/1/rooms responded 204 in 0.2745 ms
2026-09-26 10:39:48.204 +05:30 [INF] HTTP OPTIONS /api/hostels/1/rooms responded 204 in 0.3782 ms
2026-09-26 10:39:48.214 +05:30 [INF] HTTP GET /api/hostels/1/rooms responded 200 in 5.4885 ms
2026-09-26 10:39:48.219 +05:30 [INF] HTTP GET /api/hostels/1/rooms responded 200 in 3.3023 ms
2026-09-26 10:40:04.841 +05:30 [INF] HTTP OPTIONS /api/hostels/1/rooms/2 responded 204 in 0.2544 ms
2026-09-26 10:40:04.935 +05:30 [INF] Updated room 2 in hostel 1
2026-09-26 10:40:04.942 +05:30 [INF] HTTP PUT /api/hostels/1/rooms/2 responded 200 in 96.2274 ms
2026-09-26 10:40:04.944 +05:30 [INF] HTTP OPTIONS /api/hostels/1/rooms responded 204 in 0.1656 ms
2026-09-26 10:40:04.954 +05:30 [INF] HTTP GET /api/hostels/1/rooms responded 200 in 2.5813 ms
2026-09-26 10:40:08.033 +05:30 [INF] HTTP OPTIONS /api/hostels/1/reports/summary responded 204 in 0.2494 ms
2026-09-26 10:40:08.033 +05:30 [INF] HTTP OPTIONS /api/hostels/1/reports/summary responded 204 in 0.0649 ms
2026-09-26 10:40:08.047 +05:30 [INF] HTTP GET /api/hostels/1/reports/summary responded 200 in 7.0758 ms
2026-09-26 10:40:08.063 +05:30 [INF] HTTP GET /api/hostels/1/reports/summary responded 200 in 15.3004 ms
2026-09-26 10:40:11.649 +05:30 [INF] HTTP OPTIONS /api/auth/hostels responded 204 in 0.2368 ms
2026-09-26 10:40:11.788 +05:30 [INF] HTTP POST /api/auth/hostels responded 200 in 131.4400 ms
2026-09-26 10:40:12.321 +05:30 [INF] HTTP OPTIONS /api/auth/login responded 204 in 0.1518 ms
2026-09-26 10:40:12.437 +05:30 [INF] HTTP POST /api/auth/login responded 200 in 111.2652 ms
2026-09-26 10:40:12.457 +05:30 [INF] HTTP GET /api/hostels/1/reports/summary responded 200 in 11.3381 ms
2026-09-26 10:40:12.472 +05:30 [INF] HTTP GET /api/hostels/1/reports/summary responded 200 in 12.8895 ms
2026-09-26 10:40:17.340 +05:30 [INF] HTTP OPTIONS /api/hostels/1/rooms responded 204 in 0.2866 ms
2026-09-26 10:40:17.340 +05:30 [INF] HTTP OPTIONS /api/hostels/1/rooms responded 204 in 0.0530 ms
2026-09-26 10:40:17.348 +05:30 [INF] HTTP GET /api/hostels/1/rooms responded 200 in 2.7917 ms
2026-09-26 10:40:17.352 +05:30 [INF] HTTP GET /api/hostels/1/rooms responded 200 in 2.7914 ms
2026-09-26 10:40:23.971 +05:30 [INF] HTTP OPTIONS /api/hostels/1/tenants responded 204 in 0.1713 ms
2026-09-26 10:40:23.973 +05:30 [INF] HTTP OPTIONS /api/hostels/1/tenants responded 204 in 0.2432 ms
2026-09-26 10:40:23.974 +05:30 [INF] HTTP OPTIONS /api/hostels/1/rooms responded 204 in 0.0634 ms
2026-09-26 10:40:23.974 +05:30 [INF] HTTP OPTIONS /api/hostels/1/rooms responded 204 in 0.1425 ms
2026-09-26 10:40:24.088 +05:30 [INF] HTTP GET /api/hostels/1/tenants responded 200 in 4.2461 ms
2026-09-26 10:40:24.088 +05:30 [INF] HTTP GET /api/hostels/1/rooms responded 200 in 3.9458 ms
2026-09-26 10:40:24.093 +05:30 [INF] HTTP GET /api/hostels/1/rooms responded 200 in 3.5629 ms
2026-09-26 10:40:24.093 +05:30 [INF] HTTP GET /api/hostels/1/tenants responded 200 in 3.6049 ms
2026-09-26 10:40:29.769 +05:30 [INF] HTTP OPTIONS /api/hostels/1/reports/summary responded 204 in 0.2087 ms
2026-09-26 10:40:29.769 +05:30 [INF] HTTP OPTIONS /api/hostels/1/reports/summary responded 204 in 0.0962 ms
2026-09-26 10:40:29.781 +05:30 [INF] HTTP GET /api/hostels/1/reports/summary responded 200 in 8.0119 ms
2026-09-26 10:40:29.796 +05:30 [INF] HTTP GET /api/hostels/1/reports/summary responded 200 in 13.6687 ms
2026-09-26 10:40:31.732 +05:30 [INF] HTTP OPTIONS /api/hostels/1/bills responded 204 in 0.1182 ms
2026-09-26 10:40:31.733 +05:30 [INF] HTTP OPTIONS /api/hostels/1/tenants responded 204 in 0.0983 ms
2026-09-26 10:40:31.733 +05:30 [INF] HTTP OPTIONS /api/hostels/1/bills responded 204 in 0.0453 ms
2026-09-26 10:40:31.733 +05:30 [INF] HTTP OPTIONS /api/hostels/1/tenants responded 204 in 0.0661 ms
2026-09-26 10:40:31.891 +05:30 [INF] HTTP GET /api/hostels/1/tenants responded 200 in 8.1092 ms
2026-09-26 10:40:31.896 +05:30 [INF] HTTP GET /api/hostels/1/tenants responded 200 in 3.9478 ms
2026-09-26 10:40:32.055 +05:30 [INF] HTTP GET /api/hostels/1/bills responded 200 in 173.8406 ms
2026-09-26 10:40:32.204 +05:30 [INF] HTTP GET /api/hostels/1/bills responded 200 in 80.8638 ms
2026-09-26 10:40:35.571 +05:30 [INF] HTTP OPTIONS /api/hostels/1/rooms responded 204 in 0.1258 ms
2026-09-26 10:40:35.571 +05:30 [INF] HTTP OPTIONS /api/hostels/1/rooms responded 204 in 0.1250 ms
2026-09-26 10:40:35.576 +05:30 [INF] HTTP GET /api/hostels/1/tenants responded 200 in 4.2885 ms
2026-09-26 10:40:35.580 +05:30 [INF] HTTP GET /api/hostels/1/tenants responded 200 in 1.7142 ms
2026-09-26 10:40:35.580 +05:30 [INF] HTTP GET /api/hostels/1/rooms responded 200 in 2.5050 ms
2026-09-26 10:40:35.584 +05:30 [INF] HTTP GET /api/hostels/1/rooms responded 200 in 2.2277 ms
2026-09-26 10:40:37.942 +05:30 [INF] HTTP GET /api/hostels/1/rooms responded 200 in 4.2320 ms
2026-09-26 10:40:37.946 +05:30 [INF] HTTP GET /api/hostels/1/rooms responded 200 in 2.4822 ms
2026-09-26 10:40:40.370 +05:30 [INF] HTTP OPTIONS /api/hostels/1/complaints responded 204 in 0.1127 ms
2026-09-26 10:40:40.371 +05:30 [INF] HTTP OPTIONS /api/hostels/1/tenants responded 204 in 0.0739 ms
2026-09-26 10:40:40.371 +05:30 [INF] HTTP OPTIONS /api/hostels/1/complaints responded 204 in 0.0739 ms
2026-09-26 10:40:40.372 +05:30 [INF] HTTP OPTIONS /api/hostels/1/tenants responded 204 in 0.0453 ms
2026-09-26 10:40:40.514 +05:30 [INF] HTTP GET /api/hostels/1/tenants responded 200 in 3.3787 ms
2026-09-26 10:40:40.520 +05:30 [INF] HTTP GET /api/hostels/1/tenants responded 200 in 3.2739 ms
2026-09-26 10:40:40.855 +05:30 [INF] HTTP GET /api/hostels/1/complaints responded 200 in 344.8134 ms
2026-09-26 10:40:40.861 +05:30 [INF] HTTP GET /api/hostels/1/complaints responded 200 in 4.0319 ms
2026-09-26 10:40:43.906 +05:30 [INF] HTTP OPTIONS /api/hostels/1/attendance responded 204 in 0.0797 ms
2026-09-26 10:40:43.906 +05:30 [INF] HTTP OPTIONS /api/hostels/1/attendance responded 204 in 0.0361 ms
2026-09-26 10:40:43.909 +05:30 [INF] HTTP GET /api/hostels/1/tenants responded 200 in 2.3173 ms
2026-09-26 10:40:43.976 +05:30 [INF] HTTP GET /api/hostels/1/tenants responded 200 in 3.8978 ms
2026-09-26 10:40:44.011 +05:30 [INF] HTTP GET /api/hostels/1/attendance responded 200 in 42.5747 ms
2026-09-26 10:40:44.016 +05:30 [INF] HTTP GET /api/hostels/1/attendance responded 200 in 4.1935 ms
2026-09-26 10:40:48.561 +05:30 [INF] HTTP OPTIONS /api/hostels/1/tenants responded 204 in 0.0788 ms
2026-09-26 10:40:48.561 +05:30 [INF] HTTP OPTIONS /api/hostels/1/tenants responded 204 in 0.0217 ms
2026-09-26 10:40:48.568 +05:30 [INF] HTTP GET /api/hostels/1/tenants responded 200 in 2.6476 ms
2026-09-26 10:40:48.572 +05:30 [INF] HTTP GET /api/hostels/1/tenants responded 200 in 2.6472 ms
2026-09-26 10:40:48.627 +05:30 [INF] HTTP OPTIONS /api/hostels/1/tenants/4/notifications responded 204 in 0.3941 ms
2026-09-26 10:40:49.043 +05:30 [INF] HTTP GET /api/hostels/1/tenants/4/notifications responded 200 in 275.9782 ms
2026-09-26 10:40:50.292 +05:30 [INF] HTTP OPTIONS /api/hostels/1/reports/summary responded 204 in 0.0851 ms
2026-09-26 10:40:50.293 +05:30 [INF] HTTP OPTIONS /api/hostels/1/reports/summary responded 204 in 0.0642 ms
2026-09-26 10:40:50.308 +05:30 [INF] HTTP GET /api/hostels/1/reports/summary responded 200 in 10.2783 ms
2026-09-26 10:40:50.318 +05:30 [INF] HTTP GET /api/hostels/1/reports/summary responded 200 in 8.8026 ms
2026-09-26 10:41:08.426 +05:30 [INF] HTTP OPTIONS /api/hostels/1/reports/summary responded 204 in 0.1014 ms
2026-09-26 10:41:08.426 +05:30 [INF] HTTP OPTIONS /api/hostels/1/reports/summary responded 204 in 0.0290 ms
2026-09-26 10:41:08.443 +05:30 [INF] HTTP GET /api/hostels/1/reports/summary responded 200 in 11.6548 ms
2026-09-26 10:41:08.457 +05:30 [INF] HTTP GET /api/hostels/1/reports/summary responded 200 in 12.8502 ms
2026-09-26 10:44:37.416 +05:30 [INF] Application is shutting down...
2026-09-26 10:49:07.802 +05:30 [INF] Now listening on: http://localhost:5204
2026-09-26 10:49:07.842 +05:30 [INF] Application started. Press Ctrl+C to shut down.
2026-09-26 10:49:07.843 +05:30 [INF] Hosting environment: Development
2026-09-26 10:49:07.844 +05:30 [INF] Content root path: C:\HostelManagementApp\HostelManagement.Api
2026-09-26 10:49:12.718 +05:30 [WRN] Failed to determine the https port for redirect.
2026-09-26 10:49:12.780 +05:30 [INF] HTTP OPTIONS /api/auth/hostels responded 204 in 88.3811 ms
2026-09-26 10:49:14.064 +05:30 [INF] HTTP POST /api/auth/hostels responded 200 in 1258.1988 ms
2026-09-26 10:49:15.203 +05:30 [INF] HTTP OPTIONS /api/auth/login responded 204 in 1.7562 ms
2026-09-26 10:49:15.747 +05:30 [INF] HTTP POST /api/auth/login responded 200 in 539.1507 ms
2026-09-26 10:49:15.760 +05:30 [INF] HTTP OPTIONS /api/hostels/1/reports/summary responded 204 in 0.2618 ms
2026-09-26 10:49:15.764 +05:30 [INF] HTTP OPTIONS /api/hostels/1/reports/summary responded 204 in 1.8140 ms
2026-09-26 10:49:16.198 +05:30 [INF] HTTP GET /api/hostels/1/reports/summary responded 200 in 431.3147 ms
2026-09-26 10:49:16.241 +05:30 [INF] HTTP GET /api/hostels/1/reports/summary responded 200 in 39.8995 ms
2026-09-26 10:49:26.492 +05:30 [INF] HTTP OPTIONS /api/hostels/1 responded 204 in 0.4075 ms
2026-09-26 10:49:26.492 +05:30 [INF] HTTP OPTIONS /api/hostels/1 responded 204 in 0.4074 ms
2026-09-26 10:49:26.695 +05:30 [INF] HTTP GET /api/hostels/1 responded 200 in 164.4259 ms
2026-09-26 10:49:26.701 +05:30 [INF] HTTP GET /api/hostels/1 responded 200 in 4.6910 ms
2026-09-26 10:49:33.498 +05:30 [INF] HTTP OPTIONS /api/hostels/1/reports/summary responded 204 in 0.2811 ms
2026-09-26 10:49:33.498 +05:30 [INF] HTTP OPTIONS /api/hostels/1/reports/summary responded 204 in 0.0622 ms
2026-09-26 10:49:33.555 +05:30 [INF] HTTP GET /api/hostels/1/reports/summary responded 200 in 51.3158 ms
2026-09-26 10:49:33.568 +05:30 [INF] HTTP GET /api/hostels/1/reports/summary responded 200 in 11.1087 ms
2026-09-26 10:49:44.034 +05:30 [INF] HTTP OPTIONS /api/hostels/1 responded 204 in 0.3115 ms
2026-09-26 10:49:44.034 +05:30 [INF] HTTP OPTIONS /api/hostels/1 responded 204 in 0.6403 ms
2026-09-26 10:49:44.041 +05:30 [INF] HTTP GET /api/hostels/1 responded 200 in 2.5899 ms
2026-09-26 10:49:44.046 +05:30 [INF] HTTP GET /api/hostels/1 responded 200 in 3.4316 ms
2026-09-26 10:49:46.393 +05:30 [INF] HTTP OPTIONS /api/hostels/1/reports/summary responded 204 in 0.2127 ms
2026-09-26 10:49:46.393 +05:30 [INF] HTTP OPTIONS /api/hostels/1/reports/summary responded 204 in 0.1066 ms
2026-09-26 10:49:46.410 +05:30 [INF] HTTP GET /api/hostels/1/reports/summary responded 200 in 11.4554 ms
2026-09-26 10:49:46.419 +05:30 [INF] HTTP GET /api/hostels/1/reports/summary responded 200 in 7.8877 ms
2026-09-26 10:52:01.535 +05:30 [WRN] As of ""2026-09-26T05:21:59.3888072+00:00"", the heartbeat has been running for ""00:00:01.4061688"" which is longer than ""00:00:01"". This could be caused by thread pool starvation.
2026-09-26 10:52:21.307 +05:30 [INF] HTTP OPTIONS /api/auth/hostels responded 204 in 12.1900 ms
2026-09-26 10:52:21.504 +05:30 [INF] HTTP POST /api/auth/hostels responded 200 in 188.4375 ms
2026-09-26 10:52:22.656 +05:30 [INF] HTTP OPTIONS /api/auth/login responded 204 in 0.1399 ms
2026-09-26 10:52:22.799 +05:30 [INF] HTTP POST /api/auth/login responded 200 in 136.9175 ms
2026-09-26 10:52:22.808 +05:30 [INF] HTTP OPTIONS /api/hostels/1/reports/summary responded 204 in 0.5407 ms
2026-09-26 10:52:22.826 +05:30 [INF] HTTP OPTIONS /api/hostels/1/reports/summary responded 204 in 0.5078 ms
2026-09-26 10:52:22.853 +05:30 [INF] HTTP GET /api/hostels/1/reports/summary responded 200 in 38.7153 ms
2026-09-26 10:52:22.867 +05:30 [INF] HTTP GET /api/hostels/1/reports/summary responded 200 in 12.5901 ms
2026-09-26 10:52:27.400 +05:30 [INF] HTTP OPTIONS /api/hostels/1 responded 204 in 3.1033 ms
2026-09-26 10:52:27.400 +05:30 [INF] HTTP OPTIONS /api/hostels/1 responded 204 in 3.1034 ms
2026-09-26 10:52:27.411 +05:30 [INF] HTTP GET /api/hostels/1 responded 200 in 5.3268 ms
2026-09-26 10:52:27.416 +05:30 [INF] HTTP GET /api/hostels/1 responded 200 in 3.5092 ms
2026-09-26 10:52:31.473 +05:30 [INF] HTTP OPTIONS /api/hostels/1/reports/summary responded 204 in 0.4662 ms
2026-09-26 10:52:31.473 +05:30 [INF] HTTP OPTIONS /api/hostels/1/reports/summary responded 204 in 0.0776 ms
2026-09-26 10:52:31.489 +05:30 [INF] HTTP GET /api/hostels/1/reports/summary responded 200 in 10.8617 ms
2026-09-26 10:52:31.505 +05:30 [INF] HTTP GET /api/hostels/1/reports/summary responded 200 in 14.0572 ms
2026-09-26 10:52:53.684 +05:30 [INF] HTTP OPTIONS /api/hostels/1/bills responded 204 in 0.2586 ms
2026-09-26 10:52:53.684 +05:30 [INF] HTTP OPTIONS /api/hostels/1/bills responded 204 in 0.2761 ms
2026-09-26 10:52:53.823 +05:30 [INF] HTTP GET /api/hostels/1/bills responded 200 in 132.0349 ms
2026-09-26 10:52:53.828 +05:30 [INF] HTTP GET /api/hostels/1/bills responded 200 in 3.0159 ms
2026-09-26 10:52:57.025 +05:30 [INF] HTTP OPTIONS /api/hostels/1/bills/1 responded 204 in 0.1865 ms
2026-09-26 10:52:57.078 +05:30 [INF] HTTP GET /api/hostels/1/bills/1 responded 200 in 47.4577 ms
2026-09-26 10:53:01.589 +05:30 [INF] HTTP OPTIONS /api/hostels/1/bills/1/razorpay-order responded 204 in 0.4941 ms
2026-09-26 10:53:01.691 +05:30 [INF] Start processing HTTP request POST https://api.razorpay.com/v1/orders
2026-09-26 10:53:01.703 +05:30 [INF] Sending HTTP request POST https://api.razorpay.com/v1/orders
2026-09-26 10:53:02.117 +05:30 [INF] Received HTTP response headers after 406.2653ms - 401
2026-09-26 10:53:02.123 +05:30 [INF] End processing HTTP request after 437.933ms - 401
2026-09-26 10:53:02.143 +05:30 [ERR] HTTP POST /api/hostels/1/bills/1/razorpay-order responded 500 in 547.1454 ms
System.Net.Http.HttpRequestException: Response status code does not indicate success: 401 (Unauthorized).
   at System.Net.Http.HttpResponseMessage.EnsureSuccessStatusCode()
   at HostelManagement.Api.Services.RazorpayOrderService.CreateOrder(Int64 amountPaise, String receipt, CancellationToken cancellationToken) in C:\HostelManagementApp\HostelManagement.Api\Services\RazorpayOrderService.cs:line 95
   at HostelManagement.Api.Controllers.RazorpayController.CreateOrder(Int64 hostelId, Int64 billId, CancellationToken cancellationToken) in C:\HostelManagementApp\HostelManagement.Api\Controllers\RazorpayController.cs:line 77
   at Microsoft.AspNetCore.Mvc.Infrastructure.ActionMethodExecutor.TaskOfIActionResultExecutor.Execute(ActionContext actionContext, IActionResultTypeMapper mapper, ObjectMethodExecutor executor, Object controller, Object[] arguments)
   at Microsoft.AspNetCore.Mvc.Infrastructure.ControllerActionInvoker.<InvokeActionMethodAsync>g__Awaited|12_0(ControllerActionInvoker invoker, ValueTask`1 actionResultValueTask)
   at Microsoft.AspNetCore.Mvc.Infrastructure.ControllerActionInvoker.<InvokeNextActionFilterAsync>g__Awaited|10_0(ControllerActionInvoker invoker, Task lastTask, State next, Scope scope, Object state, Boolean isCompleted)
   at Microsoft.AspNetCore.Mvc.Infrastructure.ControllerActionInvoker.Rethrow(ActionExecutedContextSealed context)
   at Microsoft.AspNetCore.Mvc.Infrastructure.ControllerActionInvoker.Next(State& next, Scope& scope, Object& state, Boolean& isCompleted)
   at Microsoft.AspNetCore.Mvc.Infrastructure.ControllerActionInvoker.<InvokeInnerFilterAsync>g__Awaited|13_0(ControllerActionInvoker invoker, Task lastTask, State next, Scope scope, Object state, Boolean isCompleted)
   at Microsoft.AspNetCore.Mvc.Infrastructure.ResourceInvoker.<InvokeFilterPipelineAsync>g__Awaited|20_0(ResourceInvoker invoker, Task lastTask, State next, Scope scope, Object state, Boolean isCompleted)
   at Microsoft.AspNetCore.Mvc.Infrastructure.ResourceInvoker.<InvokeAsync>g__Awaited|17_0(ResourceInvoker invoker, Task task, IDisposable scope)
   at Microsoft.AspNetCore.Mvc.Infrastructure.ResourceInvoker.<InvokeAsync>g__Awaited|17_0(ResourceInvoker invoker, Task task, IDisposable scope)
   at Microsoft.AspNetCore.Authorization.AuthorizationMiddleware.Invoke(HttpContext context)
   at HostelManagement.Api.Middleware.HostelScopeMiddleware.InvokeAsync(HttpContext context) in C:\HostelManagementApp\HostelManagement.Api\Middleware\HostelScopeMiddleware.cs:line 49
   at Microsoft.AspNetCore.Authentication.AuthenticationMiddleware.Invoke(HttpContext context)
   at Swashbuckle.AspNetCore.SwaggerUI.SwaggerUIMiddleware.Invoke(HttpContext httpContext)
   at Swashbuckle.AspNetCore.Swagger.SwaggerMiddleware.Invoke(HttpContext httpContext, ISwaggerProvider swaggerProvider)
   at Serilog.AspNetCore.RequestLoggingMiddleware.Invoke(HttpContext httpContext)
2026-09-26 10:53:02.203 +05:30 [ERR] An unhandled exception has occurred while executing the request.
System.Net.Http.HttpRequestException: Response status code does not indicate success: 401 (Unauthorized).
   at System.Net.Http.HttpResponseMessage.EnsureSuccessStatusCode()
   at HostelManagement.Api.Services.RazorpayOrderService.CreateOrder(Int64 amountPaise, String receipt, CancellationToken cancellationToken) in C:\HostelManagementApp\HostelManagement.Api\Services\RazorpayOrderService.cs:line 95
   at HostelManagement.Api.Controllers.RazorpayController.CreateOrder(Int64 hostelId, Int64 billId, CancellationToken cancellationToken) in C:\HostelManagementApp\HostelManagement.Api\Controllers\RazorpayController.cs:line 77
   at Microsoft.AspNetCore.Mvc.Infrastructure.ActionMethodExecutor.TaskOfIActionResultExecutor.Execute(ActionContext actionContext, IActionResultTypeMapper mapper, ObjectMethodExecutor executor, Object controller, Object[] arguments)
   at Microsoft.AspNetCore.Mvc.Infrastructure.ControllerActionInvoker.<InvokeActionMethodAsync>g__Awaited|12_0(ControllerActionInvoker invoker, ValueTask`1 actionResultValueTask)
   at Microsoft.AspNetCore.Mvc.Infrastructure.ControllerActionInvoker.<InvokeNextActionFilterAsync>g__Awaited|10_0(ControllerActionInvoker invoker, Task lastTask, State next, Scope scope, Object state, Boolean isCompleted)
   at Microsoft.AspNetCore.Mvc.Infrastructure.ControllerActionInvoker.Rethrow(ActionExecutedContextSealed context)
   at Microsoft.AspNetCore.Mvc.Infrastructure.ControllerActionInvoker.Next(State& next, Scope& scope, Object& state, Boolean& isCompleted)
   at Microsoft.AspNetCore.Mvc.Infrastructure.ControllerActionInvoker.<InvokeInnerFilterAsync>g__Awaited|13_0(ControllerActionInvoker invoker, Task lastTask, State next, Scope scope, Object state, Boolean isCompleted)
   at Microsoft.AspNetCore.Mvc.Infrastructure.ResourceInvoker.<InvokeFilterPipelineAsync>g__Awaited|20_0(ResourceInvoker invoker, Task lastTask, State next, Scope scope, Object state, Boolean isCompleted)
   at Microsoft.AspNetCore.Mvc.Infrastructure.ResourceInvoker.<InvokeAsync>g__Awaited|17_0(ResourceInvoker invoker, Task task, IDisposable scope)
   at Microsoft.AspNetCore.Mvc.Infrastructure.ResourceInvoker.<InvokeAsync>g__Awaited|17_0(ResourceInvoker invoker, Task task, IDisposable scope)
   at Microsoft.AspNetCore.Authorization.AuthorizationMiddleware.Invoke(HttpContext context)
   at HostelManagement.Api.Middleware.HostelScopeMiddleware.InvokeAsync(HttpContext context) in C:\HostelManagementApp\HostelManagement.Api\Middleware\HostelScopeMiddleware.cs:line 49
   at Microsoft.AspNetCore.Authentication.AuthenticationMiddleware.Invoke(HttpContext context)
   at Swashbuckle.AspNetCore.SwaggerUI.SwaggerUIMiddleware.Invoke(HttpContext httpContext)
   at Swashbuckle.AspNetCore.Swagger.SwaggerMiddleware.Invoke(HttpContext httpContext, ISwaggerProvider swaggerProvider)
   at Serilog.AspNetCore.RequestLoggingMiddleware.Invoke(HttpContext httpContext)
   at Microsoft.AspNetCore.Diagnostics.DeveloperExceptionPageMiddlewareImpl.Invoke(HttpContext context)
2026-09-26 10:55:23.963 +05:30 [INF] HTTP OPTIONS /api/auth/hostels responded 204 in 0.3239 ms
2026-09-26 10:55:24.142 +05:30 [INF] HTTP POST /api/auth/hostels responded 200 in 171.9815 ms
2026-09-26 10:55:25.591 +05:30 [INF] HTTP OPTIONS /api/auth/login responded 204 in 0.1149 ms
2026-09-26 10:55:25.704 +05:30 [INF] HTTP POST /api/auth/login responded 200 in 109.2846 ms
2026-09-26 10:55:25.711 +05:30 [INF] HTTP OPTIONS /api/hostels/1/reports/summary responded 204 in 0.0899 ms
2026-09-26 10:55:25.712 +05:30 [INF] HTTP OPTIONS /api/hostels/1/reports/summary responded 204 in 0.0506 ms
2026-09-26 10:55:25.742 +05:30 [INF] HTTP GET /api/hostels/1/reports/summary responded 200 in 27.0189 ms
2026-09-26 10:55:25.754 +05:30 [INF] HTTP GET /api/hostels/1/reports/summary responded 200 in 10.5997 ms
2026-09-26 10:55:30.306 +05:30 [INF] HTTP OPTIONS /api/hostels/1/tenants responded 204 in 0.0896 ms
2026-09-26 10:55:30.308 +05:30 [INF] HTTP OPTIONS /api/hostels/1/rooms responded 204 in 0.0838 ms
2026-09-26 10:55:30.308 +05:30 [INF] HTTP OPTIONS /api/hostels/1/tenants responded 204 in 0.0838 ms
2026-09-26 10:55:30.308 +05:30 [INF] HTTP OPTIONS /api/hostels/1/rooms responded 204 in 0.0847 ms
2026-09-26 10:55:30.378 +05:30 [INF] HTTP GET /api/hostels/1/tenants responded 200 in 67.0327 ms
2026-09-26 10:55:30.381 +05:30 [INF] HTTP GET /api/hostels/1/rooms responded 200 in 68.3813 ms
2026-09-26 10:55:30.386 +05:30 [INF] HTTP GET /api/hostels/1/tenants responded 200 in 5.2094 ms
2026-09-26 10:55:30.441 +05:30 [INF] HTTP GET /api/hostels/1/rooms responded 200 in 57.7558 ms
2026-09-26 10:55:32.572 +05:30 [INF] HTTP OPTIONS /api/hostels/1/reports/summary responded 204 in 0.0407 ms
2026-09-26 10:55:32.572 +05:30 [INF] HTTP OPTIONS /api/hostels/1/reports/summary responded 204 in 0.2372 ms
2026-09-26 10:55:32.609 +05:30 [INF] HTTP GET /api/hostels/1/reports/summary responded 200 in 29.9885 ms
2026-09-26 10:55:32.629 +05:30 [INF] HTTP GET /api/hostels/1/reports/summary responded 200 in 18.5245 ms
2026-09-26 10:55:34.445 +05:30 [INF] HTTP GET /api/hostels/1/rooms responded 200 in 2.5595 ms
2026-09-26 10:55:34.457 +05:30 [INF] HTTP GET /api/hostels/1/rooms responded 200 in 10.8445 ms
2026-09-26 10:55:37.836 +05:30 [INF] HTTP OPTIONS /api/hostels/1/bills responded 204 in 0.0865 ms
2026-09-26 10:55:37.837 +05:30 [INF] HTTP OPTIONS /api/hostels/1/tenants responded 204 in 0.0588 ms
2026-09-26 10:55:37.837 +05:30 [INF] HTTP OPTIONS /api/hostels/1/bills responded 204 in 0.0259 ms
2026-09-26 10:55:37.837 +05:30 [INF] HTTP OPTIONS /api/hostels/1/tenants responded 204 in 0.0296 ms
2026-09-26 10:55:37.845 +05:30 [INF] HTTP GET /api/hostels/1/bills responded 200 in 4.6779 ms
2026-09-26 10:55:37.849 +05:30 [INF] HTTP GET /api/hostels/1/tenants responded 200 in 6.1445 ms
2026-09-26 10:55:37.855 +05:30 [INF] HTTP GET /api/hostels/1/bills responded 200 in 6.8282 ms
2026-09-26 10:55:37.858 +05:30 [INF] HTTP GET /api/hostels/1/tenants responded 200 in 6.0176 ms
2026-09-26 10:55:40.651 +05:30 [INF] HTTP OPTIONS /api/hostels/1/rooms responded 204 in 0.0706 ms
2026-09-26 10:55:40.652 +05:30 [INF] HTTP OPTIONS /api/hostels/1/rooms responded 204 in 0.0743 ms
2026-09-26 10:55:40.656 +05:30 [INF] HTTP GET /api/hostels/1/tenants responded 200 in 4.4550 ms
2026-09-26 10:55:40.661 +05:30 [INF] HTTP GET /api/hostels/1/tenants responded 200 in 2.3952 ms
2026-09-26 10:55:40.661 +05:30 [INF] HTTP GET /api/hostels/1/rooms responded 200 in 3.3552 ms
2026-09-26 10:55:40.666 +05:30 [INF] HTTP GET /api/hostels/1/rooms responded 200 in 3.2145 ms
2026-09-26 10:55:42.427 +05:30 [INF] HTTP GET /api/hostels/1/rooms responded 200 in 2.1478 ms
2026-09-26 10:55:42.430 +05:30 [INF] HTTP GET /api/hostels/1/rooms responded 200 in 2.1465 ms
2026-09-26 10:55:43.122 +05:30 [INF] HTTP OPTIONS /api/hostels/1/complaints responded 204 in 0.0498 ms
2026-09-26 10:55:43.123 +05:30 [INF] HTTP OPTIONS /api/hostels/1/tenants responded 204 in 0.0452 ms
2026-09-26 10:55:43.123 +05:30 [INF] HTTP OPTIONS /api/hostels/1/complaints responded 204 in 0.0363 ms
2026-09-26 10:55:43.123 +05:30 [INF] HTTP OPTIONS /api/hostels/1/tenants responded 204 in 0.0099 ms
2026-09-26 10:55:43.134 +05:30 [INF] HTTP GET /api/hostels/1/tenants responded 200 in 4.7386 ms
2026-09-26 10:55:43.139 +05:30 [INF] HTTP GET /api/hostels/1/tenants responded 200 in 4.1556 ms
2026-09-26 10:55:43.183 +05:30 [INF] HTTP GET /api/hostels/1/complaints responded 200 in 53.7922 ms
2026-09-26 10:55:43.188 +05:30 [INF] HTTP GET /api/hostels/1/complaints responded 200 in 3.4951 ms
2026-09-26 10:55:43.673 +05:30 [INF] HTTP OPTIONS /api/hostels/1/attendance responded 204 in 0.0689 ms
2026-09-26 10:55:43.673 +05:30 [INF] HTTP OPTIONS /api/hostels/1/attendance responded 204 in 0.0611 ms
2026-09-26 10:55:43.676 +05:30 [INF] HTTP GET /api/hostels/1/tenants responded 200 in 2.4318 ms
2026-09-26 10:55:43.680 +05:30 [INF] HTTP GET /api/hostels/1/tenants responded 200 in 2.4963 ms
2026-09-26 10:55:43.712 +05:30 [INF] HTTP GET /api/hostels/1/attendance responded 200 in 35.1357 ms
2026-09-26 10:55:43.720 +05:30 [INF] HTTP GET /api/hostels/1/attendance responded 200 in 6.1521 ms
2026-09-26 10:55:44.573 +05:30 [INF] HTTP GET /api/hostels/1/tenants responded 200 in 2.5543 ms
2026-09-26 10:55:44.577 +05:30 [INF] HTTP GET /api/hostels/1/tenants responded 200 in 2.4422 ms
2026-09-26 10:55:44.592 +05:30 [INF] HTTP OPTIONS /api/hostels/1/tenants/4/notifications responded 204 in 0.5688 ms
2026-09-26 10:55:44.658 +05:30 [INF] HTTP GET /api/hostels/1/tenants/4/notifications responded 200 in 57.5967 ms
2026-09-26 10:55:45.992 +05:30 [INF] HTTP OPTIONS /api/hostels/1/reports/summary responded 204 in 0.0535 ms
2026-09-26 10:55:45.993 +05:30 [INF] HTTP OPTIONS /api/hostels/1/reports/summary responded 204 in 0.0258 ms
2026-09-26 10:55:46.010 +05:30 [INF] HTTP GET /api/hostels/1/reports/summary responded 200 in 13.6124 ms
2026-09-26 10:55:46.023 +05:30 [INF] HTTP GET /api/hostels/1/reports/summary responded 200 in 11.7129 ms
2026-09-26 10:56:23.393 +05:30 [INF] HTTP OPTIONS /api/auth/hostels responded 204 in 0.1602 ms
2026-09-26 10:56:23.539 +05:30 [INF] HTTP POST /api/auth/hostels responded 200 in 140.3843 ms
2026-09-26 10:56:24.975 +05:30 [INF] HTTP OPTIONS /api/auth/login responded 204 in 0.0706 ms
2026-09-26 10:56:25.225 +05:30 [INF] HTTP POST /api/auth/login responded 200 in 244.9211 ms
2026-09-26 10:56:25.238 +05:30 [INF] HTTP OPTIONS /api/hostels/1/reports/summary responded 204 in 0.1292 ms
2026-09-26 10:56:25.238 +05:30 [INF] HTTP OPTIONS /api/hostels/1/reports/summary responded 204 in 0.0556 ms
2026-09-26 10:56:25.260 +05:30 [INF] HTTP GET /api/hostels/1/reports/summary responded 200 in 14.8616 ms
2026-09-26 10:56:25.271 +05:30 [INF] HTTP GET /api/hostels/1/reports/summary responded 200 in 10.5097 ms
2026-09-26 11:01:23.647 +05:30 [INF] Application is shutting down...
2026-09-26 11:08:05.474 +05:30 [INF] Now listening on: http://localhost:5204
2026-09-26 11:08:05.514 +05:30 [INF] Application started. Press Ctrl+C to shut down.
2026-09-26 11:08:05.515 +05:30 [INF] Hosting environment: Development
2026-09-26 11:08:05.516 +05:30 [INF] Content root path: C:\HostelManagementApp\HostelManagement.Api
2026-09-26 11:08:10.832 +05:30 [WRN] Failed to determine the https port for redirect.
2026-09-26 11:08:10.883 +05:30 [INF] HTTP OPTIONS /api/auth/hostels responded 204 in 83.2967 ms
2026-09-26 11:08:12.154 +05:30 [INF] HTTP POST /api/auth/hostels responded 200 in 1246.1875 ms
2026-09-26 11:08:17.612 +05:30 [INF] HTTP OPTIONS /api/auth/login responded 204 in 1.9009 ms
2026-09-26 11:08:18.116 +05:30 [INF] HTTP POST /api/auth/login responded 200 in 500.0027 ms
2026-09-26 11:08:18.130 +05:30 [INF] HTTP OPTIONS /api/hostels/1/reports/summary responded 204 in 0.2331 ms
2026-09-26 11:08:18.134 +05:30 [INF] HTTP OPTIONS /api/hostels/1/reports/summary responded 204 in 2.2830 ms
2026-09-26 11:08:18.505 +05:30 [INF] HTTP GET /api/hostels/1/reports/summary responded 200 in 369.4503 ms
2026-09-26 11:08:18.526 +05:30 [INF] HTTP GET /api/hostels/1/reports/summary responded 200 in 19.6315 ms
2026-09-26 11:09:05.067 +05:30 [INF] HTTP OPTIONS /api/hostels/1/staff-accounts responded 204 in 0.9089 ms
2026-09-26 11:09:05.505 +05:30 [INF] Created staff account 2 for hostel 1
2026-09-26 11:09:05.515 +05:30 [INF] HTTP POST /api/hostels/1/staff-accounts responded 201 in 440.1821 ms
2026-09-26 11:10:16.036 +05:30 [INF] HTTP OPTIONS /api/auth/hostels responded 204 in 0.3409 ms
2026-09-26 11:10:16.193 +05:30 [INF] HTTP POST /api/auth/hostels responded 200 in 151.8934 ms
2026-09-26 11:10:17.224 +05:30 [INF] HTTP OPTIONS /api/auth/login responded 204 in 0.2189 ms
2026-09-26 11:10:17.334 +05:30 [INF] HTTP POST /api/auth/login responded 200 in 105.3634 ms
2026-09-26 11:10:17.340 +05:30 [INF] HTTP OPTIONS /api/hostels/1/reports/summary responded 204 in 0.1281 ms
2026-09-26 11:10:17.341 +05:30 [INF] HTTP OPTIONS /api/hostels/1/reports/summary responded 204 in 0.0817 ms
2026-09-26 11:10:17.361 +05:30 [INF] HTTP GET /api/hostels/1/reports/summary responded 200 in 17.1971 ms
2026-09-26 11:10:17.375 +05:30 [INF] HTTP GET /api/hostels/1/reports/summary responded 200 in 12.8973 ms
2026-09-26 11:10:23.802 +05:30 [INF] HTTP OPTIONS /api/hostels/1/tenants responded 204 in 0.4529 ms
2026-09-26 11:10:23.804 +05:30 [INF] HTTP OPTIONS /api/hostels/1/rooms responded 204 in 0.1392 ms
2026-09-26 11:10:23.804 +05:30 [INF] HTTP OPTIONS /api/hostels/1/rooms responded 204 in 0.1034 ms
2026-09-26 11:10:23.804 +05:30 [INF] HTTP OPTIONS /api/hostels/1/tenants responded 204 in 0.0292 ms
2026-09-26 11:10:23.843 +05:30 [INF] HTTP GET /api/hostels/1/rooms responded 200 in 34.8684 ms
2026-09-26 11:10:23.849 +05:30 [INF] HTTP GET /api/hostels/1/rooms responded 200 in 4.5326 ms
2026-09-26 11:10:23.852 +05:30 [INF] HTTP GET /api/hostels/1/tenants responded 200 in 44.2636 ms
2026-09-26 11:10:23.857 +05:30 [INF] HTTP GET /api/hostels/1/tenants responded 200 in 3.3691 ms
2026-09-26 11:12:42.027 +05:30 [INF] Application is shutting down...
2026-09-26 11:15:41.539 +05:30 [INF] Now listening on: http://localhost:5204
2026-09-26 11:15:41.581 +05:30 [INF] Application started. Press Ctrl+C to shut down.
2026-09-26 11:15:41.583 +05:30 [INF] Hosting environment: Development
2026-09-26 11:15:41.583 +05:30 [INF] Content root path: C:\HostelManagementApp\HostelManagement.Api
2026-09-26 11:15:51.672 +05:30 [WRN] Failed to determine the https port for redirect.
2026-09-26 11:15:51.718 +05:30 [INF] HTTP OPTIONS /api/auth/hostels responded 204 in 75.7270 ms
2026-09-26 11:15:52.885 +05:30 [INF] HTTP POST /api/auth/hostels responded 200 in 1140.1002 ms
2026-09-26 11:15:54.195 +05:30 [INF] HTTP OPTIONS /api/auth/login responded 204 in 1.9399 ms
2026-09-26 11:15:54.723 +05:30 [INF] HTTP POST /api/auth/login responded 200 in 522.3305 ms
2026-09-26 11:15:54.739 +05:30 [INF] HTTP OPTIONS /api/hostels/1/reports/summary responded 204 in 0.2218 ms
2026-09-26 11:15:54.743 +05:30 [INF] HTTP OPTIONS /api/hostels/1/reports/summary responded 204 in 2.6615 ms
2026-09-26 11:15:55.181 +05:30 [INF] HTTP GET /api/hostels/1/reports/summary responded 200 in 435.6812 ms
2026-09-26 11:15:55.207 +05:30 [INF] HTTP GET /api/hostels/1/reports/summary responded 200 in 24.3410 ms
2026-09-26 11:16:01.646 +05:30 [INF] HTTP OPTIONS /api/hostels/1/staff-accounts responded 204 in 0.2294 ms
2026-09-26 11:16:01.646 +05:30 [INF] HTTP OPTIONS /api/hostels/1/staff-accounts responded 204 in 0.2294 ms
2026-09-26 11:16:01.700 +05:30 [INF] HTTP GET /api/hostels/1/staff-accounts responded 200 in 49.0879 ms
2026-09-26 11:16:01.706 +05:30 [INF] HTTP GET /api/hostels/1/staff-accounts responded 200 in 4.2748 ms
2026-09-26 11:16:11.634 +05:30 [INF] HTTP OPTIONS /api/hostels/1/staff-accounts/2 responded 204 in 0.2125 ms
2026-09-26 11:16:12.030 +05:30 [INF] Revoked Staff access for user 2 from hostel 1
2026-09-26 11:16:12.108 +05:30 [INF] HTTP DELETE /api/hostels/1/staff-accounts/2 responded 204 in 400.9398 ms
2026-09-26 11:16:13.373 +05:30 [INF] HTTP DELETE /api/hostels/1/staff-accounts/2 responded 404 in 27.0193 ms
2026-09-26 11:16:13.389 +05:30 [INF] HTTP OPTIONS /api/hostels/1/staff-accounts responded 204 in 0.2337 ms
2026-09-26 11:16:13.405 +05:30 [INF] HTTP GET /api/hostels/1/staff-accounts responded 200 in 6.1644 ms
2026-09-26 11:16:21.473 +05:30 [INF] HTTP OPTIONS /api/auth/hostels responded 204 in 0.3456 ms
2026-09-26 11:16:21.599 +05:30 [INF] HTTP POST /api/auth/hostels responded 200 in 120.9644 ms
2026-09-26 11:16:22.664 +05:30 [INF] HTTP OPTIONS /api/auth/login responded 204 in 0.2594 ms
2026-09-26 11:16:22.811 +05:30 [INF] HTTP POST /api/auth/login responded 200 in 140.7926 ms
2026-09-26 11:16:22.817 +05:30 [INF] HTTP OPTIONS /api/hostels/1/reports/summary responded 204 in 0.1460 ms
2026-09-26 11:16:22.817 +05:30 [INF] HTTP OPTIONS /api/hostels/1/reports/summary responded 204 in 0.0778 ms
2026-09-26 11:16:22.837 +05:30 [INF] HTTP GET /api/hostels/1/reports/summary responded 200 in 16.4357 ms
2026-09-26 11:16:22.853 +05:30 [INF] HTTP GET /api/hostels/1/reports/summary responded 200 in 14.9941 ms
2026-09-26 11:17:16.147 +05:30 [INF] HTTP OPTIONS /api/auth/hostels responded 204 in 0.4923 ms
2026-09-26 11:17:16.257 +05:30 [INF] HTTP POST /api/auth/hostels responded 200 in 104.3901 ms
2026-09-26 11:17:17.209 +05:30 [INF] HTTP OPTIONS /api/auth/login responded 204 in 0.1049 ms
2026-09-26 11:17:17.312 +05:30 [INF] HTTP POST /api/auth/login responded 200 in 98.8256 ms
2026-09-26 11:17:17.319 +05:30 [INF] HTTP OPTIONS /api/hostels/1/reports/summary responded 204 in 0.1396 ms
2026-09-26 11:17:17.320 +05:30 [INF] HTTP OPTIONS /api/hostels/1/reports/summary responded 204 in 0.0993 ms
2026-09-26 11:17:17.334 +05:30 [INF] HTTP GET /api/hostels/1/reports/summary responded 200 in 10.3692 ms
2026-09-26 11:17:17.345 +05:30 [INF] HTTP GET /api/hostels/1/reports/summary responded 200 in 8.8818 ms
2026-09-26 11:17:21.130 +05:30 [INF] HTTP OPTIONS /api/hostels/1/staff-accounts responded 204 in 0.1606 ms
2026-09-26 11:17:21.130 +05:30 [INF] HTTP OPTIONS /api/hostels/1/staff-accounts responded 204 in 0.2998 ms
2026-09-26 11:17:21.136 +05:30 [INF] HTTP GET /api/hostels/1/staff-accounts responded 200 in 2.7666 ms
2026-09-26 11:17:21.141 +05:30 [INF] HTTP GET /api/hostels/1/staff-accounts responded 200 in 3.6058 ms
2026-09-26 11:18:29.441 +05:30 [INF] HTTP OPTIONS /api/hostels/1/staff-accounts responded 204 in 0.2268 ms
2026-09-26 11:18:35.707 +05:30 [INF] Created staff account 3 for hostel 1
2026-09-26 11:18:36.081 +05:30 [INF] HTTP POST /api/hostels/1/staff-accounts responded 201 in 6635.7237 ms
2026-09-26 11:18:36.084 +05:30 [INF] HTTP OPTIONS /api/hostels/1/staff-accounts responded 204 in 0.1464 ms
2026-09-26 11:18:36.096 +05:30 [INF] HTTP GET /api/hostels/1/staff-accounts responded 200 in 5.5282 ms
2026-09-26 11:19:18.113 +05:30 [INF] HTTP OPTIONS /api/auth/hostels responded 204 in 0.1959 ms
2026-09-26 11:19:18.221 +05:30 [INF] HTTP POST /api/auth/hostels responded 200 in 101.6671 ms
2026-09-26 11:19:19.169 +05:30 [INF] HTTP OPTIONS /api/auth/login responded 204 in 0.1401 ms
2026-09-26 11:19:19.281 +05:30 [INF] HTTP POST /api/auth/login responded 200 in 107.6188 ms
2026-09-26 11:19:19.289 +05:30 [INF] HTTP OPTIONS /api/hostels/1/reports/summary responded 204 in 0.0932 ms
2026-09-26 11:19:19.289 +05:30 [INF] HTTP OPTIONS /api/hostels/1/reports/summary responded 204 in 0.0425 ms
2026-09-26 11:19:19.305 +05:30 [INF] HTTP GET /api/hostels/1/reports/summary responded 200 in 13.3249 ms
2026-09-26 11:19:19.319 +05:30 [INF] HTTP GET /api/hostels/1/reports/summary responded 200 in 12.4120 ms
2026-09-26 11:19:42.802 +05:30 [INF] HTTP OPTIONS /api/auth/hostels responded 204 in 0.2275 ms
2026-09-26 11:19:42.903 +05:30 [INF] HTTP POST /api/auth/hostels responded 200 in 96.5005 ms
2026-09-26 11:19:46.484 +05:30 [INF] HTTP POST /api/auth/hostels responded 200 in 113.7090 ms
2026-09-26 11:19:47.464 +05:30 [INF] HTTP OPTIONS /api/auth/login responded 204 in 0.1977 ms
2026-09-26 11:19:47.566 +05:30 [INF] HTTP POST /api/auth/login responded 200 in 96.4908 ms
2026-09-26 11:19:47.573 +05:30 [INF] HTTP OPTIONS /api/hostels/1/reports/summary responded 204 in 0.0800 ms
2026-09-26 11:19:47.573 +05:30 [INF] HTTP OPTIONS /api/hostels/1/reports/summary responded 204 in 0.0314 ms
2026-09-26 11:19:47.589 +05:30 [INF] HTTP GET /api/hostels/1/reports/summary responded 200 in 13.0212 ms
2026-09-26 11:19:47.602 +05:30 [INF] HTTP GET /api/hostels/1/reports/summary responded 200 in 11.6735 ms
2026-09-26 11:19:50.120 +05:30 [INF] HTTP OPTIONS /api/auth/hostels responded 204 in 0.1053 ms
2026-09-26 11:19:50.248 +05:30 [INF] HTTP POST /api/auth/hostels responded 200 in 123.8783 ms
2026-09-26 11:19:51.504 +05:30 [INF] HTTP POST /api/auth/login responded 200 in 119.2561 ms
2026-09-26 11:19:51.520 +05:30 [INF] HTTP GET /api/hostels/1/reports/summary responded 200 in 11.3505 ms
2026-09-26 11:19:51.537 +05:30 [INF] HTTP GET /api/hostels/1/reports/summary responded 200 in 15.0261 ms
2026-09-26 11:19:53.889 +05:30 [INF] HTTP OPTIONS /api/hostels/1/staff-accounts responded 204 in 0.0896 ms
2026-09-26 11:19:53.889 +05:30 [INF] HTTP OPTIONS /api/hostels/1/staff-accounts responded 204 in 0.0317 ms
2026-09-26 11:19:53.907 +05:30 [INF] HTTP GET /api/hostels/1/staff-accounts responded 200 in 5.2466 ms
2026-09-26 11:19:53.911 +05:30 [INF] HTTP GET /api/hostels/1/staff-accounts responded 200 in 2.7868 ms
2026-09-26 11:19:56.546 +05:30 [INF] HTTP OPTIONS /api/hostels/1/staff-accounts/3 responded 204 in 0.1049 ms
2026-09-26 11:19:56.559 +05:30 [INF] Revoked Staff access for user 3 from hostel 1
2026-09-26 11:19:56.562 +05:30 [INF] HTTP DELETE /api/hostels/1/staff-accounts/3 responded 204 in 11.1977 ms
2026-09-26 11:19:56.577 +05:30 [INF] HTTP GET /api/hostels/1/staff-accounts responded 200 in 2.0838 ms
2026-09-26 11:20:27.753 +05:30 [INF] HTTP OPTIONS /api/auth/hostels responded 204 in 0.1916 ms
2026-09-26 11:20:27.898 +05:30 [INF] HTTP POST /api/auth/hostels responded 401 in 139.8464 ms
2026-09-26 11:27:53.855 +05:30 [INF] HTTP OPTIONS /api/auth/hostels responded 204 in 11.4931 ms
2026-09-26 11:27:54.133 +05:30 [INF] HTTP POST /api/auth/hostels responded 200 in 253.6591 ms
2026-09-26 11:27:54.961 +05:30 [INF] HTTP OPTIONS /api/auth/login responded 204 in 0.0470 ms
2026-09-26 11:27:55.110 +05:30 [INF] HTTP POST /api/auth/login responded 200 in 144.9386 ms
2026-09-26 11:27:55.150 +05:30 [INF] HTTP OPTIONS /api/hostels/1/reports/summary responded 204 in 0.1137 ms
2026-09-26 11:27:55.152 +05:30 [INF] HTTP OPTIONS /api/hostels/1/reports/summary responded 204 in 0.0995 ms
2026-09-26 11:27:55.219 +05:30 [INF] HTTP GET /api/hostels/1/reports/summary responded 200 in 61.7894 ms
2026-09-26 11:27:55.236 +05:30 [INF] HTTP GET /api/hostels/1/reports/summary responded 200 in 14.7169 ms
2026-09-26 11:44:20.277 +05:30 [INF] HTTP OPTIONS /api/auth/hostels responded 204 in 4.2322 ms
2026-09-26 11:44:20.454 +05:30 [INF] HTTP POST /api/auth/hostels responded 200 in 163.2197 ms
2026-09-26 11:44:21.561 +05:30 [INF] HTTP OPTIONS /api/auth/login responded 204 in 0.0912 ms
2026-09-26 11:44:21.703 +05:30 [INF] HTTP POST /api/auth/login responded 200 in 137.3512 ms
2026-09-26 11:44:21.738 +05:30 [INF] HTTP OPTIONS /api/hostels/1/reports/summary responded 204 in 0.1292 ms
2026-09-26 11:44:21.739 +05:30 [INF] HTTP OPTIONS /api/hostels/1/reports/summary responded 204 in 0.0591 ms
2026-09-26 11:44:21.785 +05:30 [INF] HTTP GET /api/hostels/1/reports/summary responded 200 in 41.2031 ms
2026-09-26 11:44:21.797 +05:30 [INF] HTTP GET /api/hostels/1/reports/summary responded 200 in 11.0767 ms
2026-09-26 11:44:33.804 +05:30 [INF] HTTP OPTIONS /api/hostels/1/tenants responded 204 in 1.3335 ms
2026-09-26 11:44:33.804 +05:30 [INF] HTTP OPTIONS /api/hostels/1/tenants responded 204 in 0.0503 ms
2026-09-26 11:44:33.804 +05:30 [INF] HTTP OPTIONS /api/hostels/1/rooms responded 204 in 0.0307 ms
2026-09-26 11:44:33.805 +05:30 [INF] HTTP OPTIONS /api/hostels/1/rooms responded 204 in 0.0133 ms
2026-09-26 11:44:33.936 +05:30 [INF] HTTP GET /api/hostels/1/rooms responded 200 in 122.6371 ms
2026-09-26 11:44:33.943 +05:30 [INF] HTTP GET /api/hostels/1/rooms responded 200 in 5.4642 ms
2026-09-26 11:44:33.993 +05:30 [INF] HTTP GET /api/hostels/1/tenants responded 200 in 183.6259 ms
2026-09-26 11:44:33.998 +05:30 [INF] HTTP GET /api/hostels/1/tenants responded 200 in 3.9778 ms
2026-09-26 11:44:45.184 +05:30 [INF] Application is shutting down...
